<root><comb><color>#f0bf30</color><color>#c568a2</color><color>#e1cdeb</color><color>#6d967d</color><color>#2b362a</color></comb><comb><color>#000001</color><color>#009ab0</color><color>#82efee</color><color>#cfbca6</color><color>#128a08</color></comb><comb><color>#00070a</color><color>#294552</color><color>#597884</color><color>#acc4ce</color><color>#9eb9b3</color></comb><comb><color>#00787a</color><color>#94ebd8</color><color>#00b349</color><color>#007939</color><color>#003d34</color></comb><comb><color>#ffc501</color><color>#f9ddfc</color><color>#e38ed8</color><color>#da2b90</color><color>#44052c</color></comb><comb><color>#2d4a05</color><color>#738830</color><color>#fd742d</color><color>#dc0f0f</color><color>#5e0000</color></comb><comb><color>#f8f9fd</color><color>#00939c</color><color>#df8f46</color><color>#e2ceb3</color><color>#ff798a</color></comb><comb><color>#2d0000</color><color>#cec2cd</color><color>#de91c5</color><color>#e854a5</color><color>#8b0043</color></comb><comb><color>#0f1e32</color><color>#5886af</color><color>#f4fafd</color><color>#eac77d</color><color>#b47b44</color></comb><comb><color>#e24c2c</color><color>#ffa289</color><color>#ddcbc6</color><color>#8daab7</color><color>#3e5d47</color></comb><comb><color>#972c02</color><color>#f7890b</color><color>#f9ec8f</color><color>#fff7e0</color><color>#007500</color></comb><comb><color>#c8bd00</color><color>#a6aaa5</color><color>#8faebe</color><color>#005b95</color><color>#010e1f</color></comb><comb><color>#f5f5f5</color><color>#c7c6c2</color><color>#cc9347</color><color>#a1bdc2</color><color>#597f8a</color></comb><comb><color>#6cb4b8</color><color>#bedce3</color><color>#f3f3f6</color><color>#e3dcd5</color><color>#da7015</color></comb><comb><color>#30282f</color><color>#70616c</color><color>#dace8c</color><color>#7bd74a</color><color>#289900</color></comb><comb><color>#8c4219</color><color>#f39558</color><color>#eec8b0</color><color>#f1ece7</color><color>#a5bd97</color></comb><comb><color>#8d0171</color><color>#e374bc</color><color>#f7daec</color><color>#ddc7e4</color><color>#9963a3</color></comb><comb><color>#671635</color><color>#f350a1</color><color>#ffc4ef</color><color>#ffaf00</color><color>#518039</color></comb><comb><color>#100e15</color><color>#323e53</color><color>#408fb4</color><color>#bddfef</color><color>#64566e</color></comb><comb><color>#7b3d83</color><color>#de72da</color><color>#ecece9</color><color>#66a471</color><color>#009bd0</color></comb><comb /><comb><color>#0c0e01</color><color>#165e00</color><color>#73ac38</color><color>#ffc7d1</color><color>#ff927b</color></comb><comb><color>#e5dfe3</color><color>#e7cb9f</color><color>#d7ae90</color><color>#d78081</color><color>#f05457</color></comb><comb><color>#9d0000</color><color>#ff6766</color><color>#f0e1ab</color><color>#fcf3ca</color><color>#0e0639</color></comb><comb><color>#b6d8d8</color><color>#dfc16d</color><color>#fee5d0</color><color>#5c9506</color><color>#ff3e33</color></comb><comb><color>#abb49b</color><color>#88afdd</color><color>#4776b9</color><color>#144182</color><color>#040615</color></comb><comb><color>#361000</color><color>#7e401f</color><color>#cd956d</color><color>#c3c0bd</color><color>#f5e5d9</color></comb><comb><color>#17191b</color><color>#519fa5</color><color>#f29e92</color><color>#9f2112</color><color>#371608</color></comb><comb><color>#19010b</color><color>#41032c</color><color>#ae397e</color><color>#a48254</color><color>#e7dad9</color></comb><comb><color>#fa5c18</color><color>#ffd881</color><color>#edd5cd</color><color>#d97b7a</color><color>#7189bf</color></comb><comb /><comb><color>#010000</color><color>#a74c00</color><color>#ffa100</color><color>#ffd300</color><color>#f1f2f1</color></comb><comb><color>#421930</color><color>#7c1e3b</color><color>#b44346</color><color>#d88e6c</color><color>#f6e7ce</color></comb><comb><color>#000e21</color><color>#193e2e</color><color>#51713a</color><color>#f4e6ae</color><color>#00c2b5</color></comb><comb><color>#002338</color><color>#009dd2</color><color>#ffd898</color><color>#ffca03</color><color>#a83a01</color></comb><comb><color>#fe0229</color><color>#f06c00</color><color>#ffd000</color><color>#fff9d4</color><color>#c6df5f</color></comb><comb><color>#213036</color><color>#265500</color><color>#96d800</color><color>#f58f92</color><color>#b7241b</color></comb><comb><color>#b8d1e1</color><color>#e3eb7b</color><color>#96b60b</color><color>#005e09</color><color>#07230b</color></comb><comb><color>#050831</color><color>#133072</color><color>#d5e6f7</color><color>#d5adfb</color><color>#f90052</color></comb><comb><color>#8bb0ba</color><color>#e3e1e1</color><color>#78a85d</color><color>#135c27</color><color>#001a1c</color></comb><comb><color>#f6f4f5</color><color>#bfbbb5</color><color>#877a79</color><color>#a95221</color><color>#301c0c</color></comb><comb><color>#0d8500</color><color>#dbdee0</color><color>#efc2d3</color><color>#db5777</color><color>#120e10</color></comb><comb><color>#76b2b5</color><color>#f6d347</color><color>#f8c185</color><color>#f40082</color><color>#cd001f</color></comb><comb><color>#91000d</color><color>#f7366b</color><color>#f0bcaf</color><color>#9c8069</color><color>#343a12</color></comb><comb><color>#006beb</color><color>#89defa</color><color>#ded96f</color><color>#727242</color><color>#3e5e04</color></comb><comb><color>#000010</color><color>#cacac8</color><color>#ffffff</color><color>#b6846b</color><color>#f73149</color></comb><comb><color>#3d1755</color><color>#553e46</color><color>#47641a</color><color>#b4d11e</color><color>#fcfcf7</color></comb><comb><color>#5a8a8a</color><color>#cad8c5</color><color>#fdeacf</color><color>#f4ca95</color><color>#974d26</color></comb><comb><color>#007f9f</color><color>#019c7c</color><color>#009f00</color><color>#006332</color><color>#001b00</color></comb><comb><color>#000205</color><color>#082d3a</color><color>#267491</color><color>#a7b8b5</color><color>#cfc5bc</color></comb><comb><color>#ef8900</color><color>#ffd017</color><color>#fff4b2</color><color>#408a00</color><color>#233502</color></comb><comb><color>#2f631e</color><color>#ea4492</color><color>#ff9cda</color><color>#1c5472</color><color>#041b2d</color></comb><comb><color>#e1131d</color><color>#ff717b</color><color>#ecb05b</color><color>#acbf00</color><color>#00a6a0</color></comb><comb><color>#003d60</color><color>#00aab7</color><color>#b8ccc6</color><color>#f1ece9</color><color>#f9e3be</color></comb><comb><color>#e68d61</color><color>#f4e1c6</color><color>#5cc2b7</color><color>#f4a9c9</color><color>#d1466c</color></comb><comb><color>#025400</color><color>#d5d5d0</color><color>#ffb0bd</color><color>#dd4871</color><color>#8f2634</color></comb><comb><color>#a05e2b</color><color>#e0992c</color><color>#f1eea6</color><color>#ebddd2</color><color>#f7f5f6</color></comb><comb><color>#500000</color><color>#9c0418</color><color>#f76270</color><color>#a7c1cf</color><color>#097527</color></comb><comb><color>#471c0b</color><color>#c96332</color><color>#ec9e14</color><color>#f1e4da</color><color>#00a2e4</color></comb><comb><color>#00738c</color><color>#81b0b2</color><color>#d6ead4</color><color>#eff2d8</color><color>#97a675</color></comb><comb><color>#009129</color><color>#d1c9ec</color><color>#7981d0</color><color>#24335f</color><color>#111422</color></comb><comb><color>#63a91f</color><color>#c6dc93</color><color>#b0d3bf</color><color>#589d62</color><color>#1a512e</color></comb><comb><color>#a94300</color><color>#ffb000</color><color>#ffdf00</color><color>#5b9b37</color><color>#153d02</color></comb><comb><color>#4f745e</color><color>#818656</color><color>#b7a56c</color><color>#6d6866</color><color>#334251</color></comb><comb><color>#946645</color><color>#1a6406</color><color>#c5b513</color><color>#e5dbd4</color><color>#faf1ed</color></comb><comb><color>#544f87</color><color>#abb2c7</color><color>#cfd4d2</color><color>#a1b176</color><color>#586c0c</color></comb><comb><color>#854c12</color><color>#d8dd93</color><color>#eae8d3</color><color>#bcd6d"</color><color>#6aaccb</color></comb><comb><color>#ffa149</color><color>#ffe289</color><color>#ffd9bd</color><color>#b197aa</color><color>#8399c5</color></comb><comb><color>#da3d75</color><color>#ff9ac7</color><color>#ffd3ec</color><color>#88bc7a</color><color>#da6a31</color></comb><comb><color>#b19050</color><color>#decbaf</color><color>#dcdbc9</color><color>#e6eeee</color><color>#d1dcdf</color></comb><comb><color>#081822</color><color>#244769</color><color>#b5d1f1</color><color>#eef5ee</color><color>#c1cc9c</color></comb><comb><color>#a80500</color><color>#e56a6b</color><color>#ffd6de</color><color>#ffccb0</color><color>#49616d</color></comb><comb><color>#d85c71</color><color>#ee99aa</color><color>#dbe0e4</color><color>#d1c4df</color><color>#6b437a</color></comb><comb><color>#043007</color><color>#005c13</color><color>#e2e2eb</color><color>#ffd500</color><color>#e59800</color></comb><comb><color>#002500</color><color>#436c00</color><color>#b1ca80</color><color>#f8f7f5</color><color>#bab9b6</color></comb><comb><color>#df9d5c</color><color>#f7e3cb</color><color>#fffdf9</color><color>#f4f7f6</color><color>#828655</color></comb><comb><color>#e54370</color><color>#f0acc3</color><color>#f9dff0</color><color>#daf4c6</color><color>#406e00</color></comb><comb><color>#ee538d</color><color>#de97b1</color><color>#e7c5dc</color><color>#e9d9e5</color><color>#a8c1c8</color></comb><comb><color>#ffd901</color><color>#ffbeae</color><color>#ffade2</color><color>#ff5682</color><color>#f42439</color></comb><comb><color>#ff6760</color><color>#ffa0a2</color><color>#f0e2e0</color><color>#d4bea4</color><color>#9ea30d</color></comb><comb><color>#c35c2f</color><color>#ea9b67</color><color>#ffecbc</color><color>#ffdc7f</color><color>#b68567</color></comb><comb><color>#735954</color><color>#e6cccf</color><color>#dd97ad</color><color>#ddb140</color><color>#659400</color></comb><comb><color>#cbd58b</color><color>#e1b4d3</color><color>#ba7ea7</color><color>#8d0a15</color><color>#43161d</color></comb><comb><color>#479600</color><color>#9f9c07</color><color>#ced248</color><color>#f3f5e1</color><color>#ffffff</color></comb><comb><color>#fbf8f8</color><color>#e9e7ea</color><color>#c4a8aa</color><color>#5d374f</color><color>#3c1731</color></comb><comb><color>#005f89</color><color>#0093b7</color><color>#a0c5cf</color><color>#e6eceb</color><color>#63cdd7</color></comb><comb><color>#1b2c00</color><color>#4d7701</color><color>#f46500</color><color>#f4f0f4</color><color>#9e8d8f</color></comb><comb><color>#f8f8f5</color><color>#f891a0</color><color>#f9e8ef</color><color>#c1dee7</color><color>#237b90</color></comb><comb><color>#222a1d</color><color>#4b7223</color><color>#90aacd</color><color>#445a7c</color><color>#21272d</color></comb><comb><color>#034488</color><color>#178fd6</color><color>#ccdde8</color><color>#edece8</color><color>#fffcf6</color></comb><comb><color>#40151f</color><color>#8c323d</color><color>#a66a66</color><color>#e4c8cd</color><color>#f8f8f8</color></comb><comb><color>#362247</color><color>#695883</color><color>#bcb4ba</color><color>#debea0</color><color>#a4545f</color></comb><comb><color>#f9b9e6</color><color>#d8539f</color><color>#764f6e</color><color>#527d3d</color><color>#22354d</color></comb><comb><color>#2e313c</color><color>#45404c</color><color>#626375</color><color>#d5cec5</color><color>#f5f5f8</color></comb><comb><color>#302a2c</color><color>#a0a4ab</color><color>#d29ea4</color><color>#b00002</color><color>#3e0c11</color></comb><comb><color>#893b1a</color><color>#a1a96a</color><color>#bec084</color><color>#978061</color><color>#665238</color></comb><comb><color>#404b3f</color><color>#647a88</color><color>#99a8ac</color><color>#dfe4e9</color><color>#fcfcfc</color></comb><comb /><comb><color>#000000</color><color>#45261d</color><color>#924e27</color><color>#cba781</color><color>#847187</color></comb><comb><color>#6b5427</color><color>#d9a786</color><color>#e7cdb5</color><color>#ebc9cc</color><color>#834a5a</color></comb><comb><color>#1c1920</color><color>#484757</color><color>#9da8c0</color><color>#dbdfea</color><color>#eff5fa</color></comb><comb><color>#3f4243</color><color>#a4acae</color><color>#d3dbe4</color><color>#e9e8e4</color><color>#aa9298</color></comb><comb><color>#621f23</color><color>#d23d21</color><color>#e1914c</color><color>#eae8db</color><color>#6c7690</color></comb><comb><color>#201e21</color><color>#6f6363</color><color>#d6727c</color><color>#f2b88e</color><color>#3b540b</color></comb><comb><color>#070813</color><color>#4e6686</color><color>#fce3af</color><color>#fedb3a</color><color>#fe6219</color></comb><comb><color>#1d3c02</color><color>#4f8901</color><color>#a8d681</color><color>#bdd002</color><color>#a5a831</color></comb><comb><color>#2d2841</color><color>#a93534</color><color>#e0b290</color><color>#c09640</color><color>#7b824d</color></comb><comb><color>#3b0002</color><color>#920003</color><color>#e9b4a3</color><color>#c8b8ac</color><color>#8d7062</color></comb><comb><color>#201924</color><color>#bcbdbd</color><color>#f9fbf6</color><color>#b55b22</color><color>#431e12</color></comb><comb><color>#572b2e</color><color>#925f48</color><color>#c7b698</color><color>#bbc3ba</color><color>#79889a</color></comb><comb><color>#027dc5</color><color>#a0c3e2</color><color>#d7e0eb</color><color>#f8f8f6</color><color>#d9dad9</color></comb><comb><color>#518e90</color><color>#858a4c</color><color>#f0efde</color><color>#ddb79b</color><color>#c7784c</color></comb><comb><color>#f2f6f5</color><color>#eedede</color><color>#e0a9b0</color><color>#bf6363</color><color>#627e40</color></comb><comb><color>#768267</color><color>#d5ddd6</color><color>#cec9c6</color><color>#765f50</color><color>#341b14</color></comb><comb><color>#5ba1b0</color><color>#acd1d1</color><color>#dce2e1</color><color>#d8caae</color><color>#b18f69</color></comb><comb><color>#130c05</color><color>#5e4206</color><color>#ffb204</color><color>#fee300</color><color>#60813f</color></comb><comb><color>#240915</color><color>#5d5485</color><color>#d96784</color><color>#ed948b</color><color>#fdd892</color></comb><comb><color>#5e2f62</color><color>#8a6899</color><color>#ccafc6</color><color>#b36ea4</color><color>#6c1f55</color></comb><comb><color>#2c2a50</color><color>#6a7da0</color><color>#c0c7c2</color><color>#ede6d3</color><color>#fefdf3</color></comb><comb><color>#221007</color><color>#696a6d</color><color>#babfcc</color><color>#eaeff2</color><color>#a2b9a1</color></comb><comb><color>#000000</color><color>#41474a</color><color>#81847d</color><color>#b9c1b9</color><color>#f2f0ec</color></comb><comb><color>#226015</color><color>#ceb5c3</color><color>#d8a7c8</color><color>#b65c93</color><color>#8e2f5b</color></comb><comb><color>#30043d</color><color>#8e1f51</color><color>#e54059</color><color>#de837f</color><color>#fdb36a</color></comb><comb><color>#3a0853</color><color>#930784</color><color>#ba07bb</color><color>#cccef7</color><color>#917ed9</color></comb><comb><color>#b44601</color><color>#cf722a</color><color>#fecb01</color><color>#bdc901</color><color>#8aab00</color></comb><comb><color>#b6667d</color><color>#eec6db</color><color>#f7ebf4</color><color>#62806c</color><color>#033736</color></comb><comb><color>#3e5586</color><color>#5da8a0</color><color>#cbe552</color><color>#95b54c</color><color>#607123</color></comb><comb><color>#dce5ea</color><color>#f6dadf</color><color>#d890a7</color><color>#9e5151</color><color>#56382a</color></comb><comb><color>#84a9a1</color><color>#c0dfd0</color><color>#d3d7db</color><color>#9ba6ad</color><color>#6b6369</color></comb><comb><color>#73390d</color><color>#cc9863</color><color>#d6ccb0</color><color>#c9d749</color><color>#7c9821</color></comb><comb><color>#3f5a00</color><color>#758833</color><color>#b3bf7d</color><color>#d6d5d0</color><color>#f8f8f5</color></comb><comb><color>#e42266</color><color>#fa83b3</color><color>#f6d4ea</color><color>#8cb28c</color><color>#4c5a40</color></comb><comb><color>#f3363e</color><color>#fe8da3</color><color>#feb0c0</color><color>#fbddd1</color><color>#b99e01</color></comb><comb><color>#b34640</color><color>#f793ba</color><color>#ffd7e3</color><color>#fdeaeb</color><color>#fadab5</color></comb><comb><color>#092201</color><color>#2d6b01</color><color>#7ecf01</color><color>#bec200</color><color>#d3e6d5</color></comb><comb><color>#63aa73</color><color>#918887</color><color>#d3b248</color><color>#9a5323</color><color>#392113</color></comb><comb><color>#c6b9e2</color><color>#fea5d3</color><color>#ff68a9</color><color>#bd345c</color><color>#4d681d</color></comb><comb><color>#262a01</color><color>#677d2c</color><color>#92a441</color><color>#666382</color><color>#19181f</color></comb><comb><color>#373b4c</color><color>#6e7194</color><color>#9e8c9a</color><color>#7f6fc6</color><color>#3c4c45</color></comb><comb><color>#1f2122</color><color>#575c63</color><color>#afc0d7</color><color>#d6dde8</color><color>#f0f1f3</color></comb><comb><color>#0b1607</color><color>#244510</color><color>#3e7319</color><color>#6dbb30</color><color>#a5f531</color></comb><comb><color>#3d6b01</color><color>#6b9f01</color><color>#96c824</color><color>#93a63e</color><color>#949a5e</color></comb><comb><color>#d2722d</color><color>#fec384</color><color>#fee3b4</color><color>#9b9375</color><color>#6c614f</color></comb><comb><color>#6e6e71</color><color>#ffc296</color><color>#cbe6ea</color><color>#30688b</color><color>#0d2238</color></comb><comb><color>#39281a</color><color>#d69d3a</color><color>#f5cd83</color><color>#f7ddc3</color><color>#a0958d</color></comb><comb><color>#872934</color><color>#d1cec4</color><color>#bea268</color><color>#b4762d</color><color>#0d0c0a</color></comb><comb><color>#bc6657</color><color>#af969c</color><color>#8f7aa1</color><color>#2a1c35</color><color>#150811</color></comb><comb><color>#2bb1e0</color><color>#392421</color><color>#fea45d</color><color>#fd6c3d</color><color>#b9353a</color></comb><comb><color>#2a1505</color><color>#5a3c1a</color><color>#b1703a</color><color>#f7c174</color><color>#c8ecff</color></comb><comb><color>#331f17</color><color>#6c2d0c</color><color>#b86a30</color><color>#f4c685</color><color>#8c6f50</color></comb><comb><color>#000002</color><color>#af7f00</color><color>#f1d451</color><color>#9fa62d</color><color>#757d26</color></comb><comb><color>#f0bf30</color><color>#c568a2</color><color>#e1cdeb</color><color>#6d967d</color><color>#2b362a</color></comb><comb><color>#000001</color><color>#009ab0</color><color>#82efee</color><color>#cfbca6</color><color>#128a08</color></comb><comb><color>#00070a</color><color>#294552</color><color>#597884</color><color>#acc4ce</color><color>#9eb9b3</color></comb><comb><color>#00787a</color><color>#94ebd8</color><color>#00b349</color><color>#007939</color><color>#003d34</color></comb><comb><color>#ffc501</color><color>#f9ddfc</color><color>#e38ed8</color><color>#da2b90</color><color>#44052c</color></comb><comb><color>#2d4a05</color><color>#738830</color><color>#fd742d</color><color>#dc0f0f</color><color>#5e0000</color></comb><comb><color>#f8f9fd</color><color>#00939c</color><color>#df8f46</color><color>#e2ceb3</color><color>#ff798a</color></comb><comb><color>#2d0000</color><color>#cec2cd</color><color>#de91c5</color><color>#e854a5</color><color>#8b0043</color></comb><comb><color>#f0bf30</color><color>#c568a2</color><color>#e1cdeb</color><color>#6d967d</color><color>#2b362a</color></comb><comb><color>#000001</color><color>#009ab0</color><color>#82efee</color><color>#cfbca6</color><color>#128a08</color></comb><comb><color>#00070a</color><color>#294552</color><color>#597884</color><color>#acc4ce</color><color>#9eb9b3</color></comb><comb><color>#00787a</color><color>#94ebd8</color><color>#00b349</color><color>#007939</color><color>#003d34</color></comb><comb><color>#ffc501</color><color>#f9ddfc</color><color>#e38ed8</color><color>#da2b90</color><color>#44052c</color></comb><comb><color>#2d4a05</color><color>#738830</color><color>#fd742d</color><color>#dc0f0f</color><color>#5e0000</color></comb><comb><color>#f8f9fd</color><color>#00939c</color><color>#df8f46</color><color>#e2ceb3</color><color>#ff798a</color></comb><comb><color>#2d0000</color><color>#cec2cd</color><color>#de91c5</color><color>#e854a5</color><color>#8b0043</color></comb><comb><color>#f0bf30</color><color>#c568a2</color><color>#e1cdeb</color><color>#6d967d</color><color>#2b362a</color></comb><comb><color>#000001</color><color>#009ab0</color><color>#82efee</color><color>#cfbca6</color><color>#128a08</color></comb><comb><color>#00070a</color><color>#294552</color><color>#597884</color><color>#acc4ce</color><color>#9eb9b3</color></comb><comb><color>#00787a</color><color>#94ebd8</color><color>#00b349</color><color>#007939</color><color>#003d34</color></comb><comb><color>#ffc501</color><color>#f9ddfc</color><color>#e38ed8</color><color>#da2b90</color><color>#44052c</color></comb><comb><color>#2d4a05</color><color>#738830</color><color>#fd742d</color><color>#dc0f0f</color><color>#5e0000</color></comb><comb><color>#f8f9fd</color><color>#00939c</color><color>#df8f46</color><color>#e2ceb3</color><color>#ff798a</color></comb><comb><color>#2d0000</color><color>#cec2cd</color><color>#de91c5</color><color>#e854a5</color><color>#8b0043</color></comb><comb><color>#f0bf30</color><color>#c568a2</color><color>#e1cdeb</color><color>#6d967d</color><color>#2b362a</color></comb><comb><color>#000001</color><color>#009ab0</color><color>#82efee</color><color>#cfbca6</color><color>#128a08</color></comb><comb><color>#00070a</color><color>#294552</color><color>#597884</color><color>#acc4ce</color><color>#9eb9b3</color></comb><comb><color>#00787a</color><color>#94ebd8</color><color>#00b349</color><color>#007939</color><color>#003d34</color></comb><comb><color>#ffc501</color><color>#f9ddfc</color><color>#e38ed8</color><color>#da2b90</color><color>#44052c</color></comb><comb><color>#2d4a05</color><color>#738830</color><color>#fd742d</color><color>#dc0f0f</color><color>#5e0000</color></comb><comb><color>#f8f9fd</color><color>#00939c</color><color>#df8f46</color><color>#e2ceb3</color><color>#ff798a</color></comb><comb><color>#2d0000</color><color>#cec2cd</color><color>#de91c5</color><color>#e854a5</color><color>#8b0043</color></comb><comb><color>#f0bf30</color><color>#c568a2</color><color>#e1cdeb</color><color>#6d967d</color><color>#2b362a</color></comb><comb><color>#000001</color><color>#009ab0</color><color>#82efee</color><color>#cfbca6</color><color>#128a08</color></comb><comb><color>#00070a</color><color>#294552</color><color>#597884</color><color>#acc4ce</color><color>#9eb9b3</color></comb><comb><color>#00787a</color><color>#94ebd8</color><color>#00b349</color><color>#007939</color><color>#003d34</color></comb><comb><color>#ffc501</color><color>#f9ddfc</color><color>#e38ed8</color><color>#da2b90</color><color>#44052c</color></comb><comb><color>#2d4a05</color><color>#738830</color><color>#fd742d</color><color>#dc0f0f</color><color>#5e0000</color></comb><comb><color>#f8f9fd</color><color>#00939c</color><color>#df8f46</color><color>#e2ceb3</color><color>#ff798a</color></comb><comb><color>#2d0000</color><color>#cec2cd</color><color>#de91c5</color><color>#e854a5</color><color>#8b0043</color></comb><comb><color>#f0bf30</color><color>#c568a2</color><color>#e1cdeb</color><color>#6d967d</color><color>#2b362a</color></comb><comb><color>#000001</color><color>#009ab0</color><color>#82efee</color><color>#cfbca6</color><color>#128a08</color></comb><comb><color>#00070a</color><color>#294552</color><color>#597884</color><color>#acc4ce</color><color>#9eb9b3</color></comb><comb><color>#00787a</color><color>#94ebd8</color><color>#00b349</color><color>#007939</color><color>#003d34</color></comb><comb><color>#ffc501</color><color>#f9ddfc</color><color>#e38ed8</color><color>#da2b90</color><color>#44052c</color></comb><comb><color>#2d4a05</color><color>#738830</color><color>#fd742d</color><color>#dc0f0f</color><color>#5e0000</color></comb><comb><color>#f8f9fd</color><color>#00939c</color><color>#df8f46</color><color>#e2ceb3</color><color>#ff798a</color></comb><comb><color>#2d0000</color><color>#cec2cd</color><color>#de91c5</color><color>#e854a5</color><color>#8b0043</color></comb><comb><color>#f0bf30</color><color>#c568a2</color><color>#e1cdeb</color><color>#6d967d</color><color>#2b362a</color></comb><comb><color>#000001</color><color>#009ab0</color><color>#82efee</color><color>#cfbca6</color><color>#128a08</color></comb><comb><color>#00070a</color><color>#294552</color><color>#597884</color><color>#acc4ce</color><color>#9eb9b3</color></comb><comb><color>#00787a</color><color>#94ebd8</color><color>#00b349</color><color>#007939</color><color>#003d34</color></comb><comb><color>#ffc501</color><color>#f9ddfc</color><color>#e38ed8</color><color>#da2b90</color><color>#44052c</color></comb><comb><color>#2d4a05</color><color>#738830</color><color>#fd742d</color><color>#dc0f0f</color><color>#5e0000</color></comb><comb><color>#f8f9fd</color><color>#00939c</color><color>#df8f46</color><color>#e2ceb3</color><color>#ff798a</color></comb><comb><color>#2d0000</color><color>#cec2cd</color><color>#de91c5</color><color>#e854a5</color><color>#8b0043</color></comb><comb><color>#f0bf30</color><color>#c568a2</color><color>#e1cdeb</color><color>#6d967d</color><color>#2b362a</color></comb><comb><color>#000001</color><color>#009ab0</color><color>#82efee</color><color>#cfbca6</color><color>#128a08</color></comb><comb><color>#00070a</color><color>#294552</color><color>#597884</color><color>#acc4ce</color><color>#9eb9b3</color></comb><comb><color>#00787a</color><color>#94ebd8</color><color>#00b349</color><color>#007939</color><color>#003d34</color></comb><comb><color>#ffc501</color><color>#f9ddfc</color><color>#e38ed8</color><color>#da2b90</color><color>#44052c</color></comb><comb><color>#2d4a05</color><color>#738830</color><color>#fd742d</color><color>#dc0f0f</color><color>#5e0000</color></comb><comb><color>#f8f9fd</color><color>#00939c</color><color>#df8f46</color><color>#e2ceb3</color><color>#ff798a</color></comb><comb><color>#2d0000</color><color>#cec2cd</color><color>#de91c5</color><color>#e854a5</color><color>#8b0043</color></comb><comb><color>#f0bf30</color><color>#c568a2</color><color>#e1cdeb</color><color>#6d967d</color><color>#2b362a</color></comb><comb><color>#000001</color><color>#009ab0</color><color>#82efee</color><color>#cfbca6</color><color>#128a08</color></comb><comb><color>#00070a</color><color>#294552</color><color>#597884</color><color>#acc4ce</color><color>#9eb9b3</color></comb><comb><color>#00787a</color><color>#94ebd8</color><color>#00b349</color><color>#007939</color><color>#003d34</color></comb><comb><color>#ffc501</color><color>#f9ddfc</color><color>#e38ed8</color><color>#da2b90</color><color>#44052c</color></comb><comb><color>#2d4a05</color><color>#738830</color><color>#fd742d</color><color>#dc0f0f</color><color>#5e0000</color></comb><comb><color>#f8f9fd</color><color>#00939c</color><color>#df8f46</color><color>#e2ceb3</color><color>#ff798a</color></comb><comb><color>#2d0000</color><color>#cec2cd</color><color>#de91c5</color><color>#e854a5</color><color>#8b0043</color></comb><comb><color>#f0bf30</color><color>#c568a2</color><color>#e1cdeb</color><color>#6d967d</color><color>#2b362a</color></comb><comb><color>#000001</color><color>#009ab0</color><color>#82efee</color><color>#cfbca6</color><color>#128a08</color></comb><comb><color>#00070a</color><color>#294552</color><color>#597884</color><color>#acc4ce</color><color>#9eb9b3</color></comb><comb><color>#00787a</color><color>#94ebd8</color><color>#00b349</color><color>#007939</color><color>#003d34</color></comb><comb><color>#ffc501</color><color>#f9ddfc</color><color>#e38ed8</color><color>#da2b90</color><color>#44052c</color></comb><comb><color>#2d4a05</color><color>#738830</color><color>#fd742d</color><color>#dc0f0f</color><color>#5e0000</color></comb><comb><color>#f8f9fd</color><color>#00939c</color><color>#df8f46</color><color>#e2ceb3</color><color>#ff798a</color></comb><comb><color>#2d0000</color><color>#cec2cd</color><color>#de91c5</color><color>#e854a5</color><color>#8b0043</color></comb><comb><color>#f0bf30</color><color>#c568a2</color><color>#e1cdeb</color><color>#6d967d</color><color>#2b362a</color></comb><comb><color>#000001</color><color>#009ab0</color><color>#82efee</color><color>#cfbca6</color><color>#128a08</color></comb><comb><color>#00070a</color><color>#294552</color><color>#597884</color><color>#acc4ce</color><color>#9eb9b3</color></comb><comb><color>#00787a</color><color>#94ebd8</color><color>#00b349</color><color>#007939</color><color>#003d34</color></comb><comb><color>#ffc501</color><color>#f9ddfc</color><color>#e38ed8</color><color>#da2b90</color><color>#44052c</color></comb><comb><color>#2d4a05</color><color>#738830</color><color>#fd742d</color><color>#dc0f0f</color><color>#5e0000</color></comb><comb><color>#f8f9fd</color><color>#00939c</color><color>#df8f46</color><color>#e2ceb3</color><color>#ff798a</color></comb><comb><color>#2d0000</color><color>#cec2cd</color><color>#de91c5</color><color>#e854a5</color><color>#8b0043</color></comb><comb><color>#f0bf30</color><color>#c568a2</color><color>#e1cdeb</color><color>#6d967d</color><color>#2b362a</color></comb><comb><color>#000001</color><color>#009ab0</color><color>#82efee</color><color>#cfbca6</color><color>#128a08</color></comb><comb><color>#00070a</color><color>#294552</color><color>#597884</color><color>#acc4ce</color><color>#9eb9b3</color></comb><comb><color>#00787a</color><color>#94ebd8</color><color>#00b349</color><color>#007939</color><color>#003d34</color></comb><comb><color>#ffc501</color><color>#f9ddfc</color><color>#e38ed8</color><color>#da2b90</color><color>#44052c</color></comb><comb><color>#2d4a05</color><color>#738830</color><color>#fd742d</color><color>#dc0f0f</color><color>#5e0000</color></comb><comb><color>#f8f9fd</color><color>#00939c</color><color>#df8f46</color><color>#e2ceb3</color><color>#ff798a</color></comb><comb><color>#2d0000</color><color>#cec2cd</color><color>#de91c5</color><color>#e854a5</color><color>#8b0043</color></comb><comb><color>#f0bf30</color><color>#c568a2</color><color>#e1cdeb</color><color>#6d967d</color><color>#2b362a</color></comb><comb><color>#000001</color><color>#009ab0</color><color>#82efee</color><color>#cfbca6</color><color>#128a08</color></comb><comb><color>#00070a</color><color>#294552</color><color>#597884</color><color>#acc4ce</color><color>#9eb9b3</color></comb><comb><color>#00787a</color><color>#94ebd8</color><color>#00b349</color><color>#007939</color><color>#003d34</color></comb><comb><color>#ffc501</color><color>#f9ddfc</color><color>#e38ed8</color><color>#da2b90</color><color>#44052c</color></comb><comb><color>#2d4a05</color><color>#738830</color><color>#fd742d</color><color>#dc0f0f</color><color>#5e0000</color></comb><comb><color>#f8f9fd</color><color>#00939c</color><color>#df8f46</color><color>#e2ceb3</color><color>#ff798a</color></comb><comb><color>#2d0000</color><color>#cec2cd</color><color>#de91c5</color><color>#e854a5</color><color>#8b0043</color></comb><comb><color>#f0bf30</color><color>#c568a2</color><color>#e1cdeb</color><color>#6d967d</color><color>#2b362a</color></comb><comb><color>#000001</color><color>#009ab0</color><color>#82efee</color><color>#cfbca6</color><color>#128a08</color></comb><comb><color>#00070a</color><color>#294552</color><color>#597884</color><color>#acc4ce</color><color>#9eb9b3</color></comb><comb><color>#00787a</color><color>#94ebd8</color><color>#00b349</color><color>#007939</color><color>#003d34</color></comb><comb><color>#ffc501</color><color>#f9ddfc</color><color>#e38ed8</color><color>#da2b90</color><color>#44052c</color></comb><comb><color>#2d4a05</color><color>#738830</color><color>#fd742d</color><color>#dc0f0f</color><color>#5e0000</color></comb><comb><color>#f8f9fd</color><color>#00939c</color><color>#df8f46</color><color>#e2ceb3</color><color>#ff798a</color></comb><comb><color>#2d0000</color><color>#cec2cd</color><color>#de91c5</color><color>#e854a5</color><color>#8b0043</color></comb><comb><color>#f0bf30</color><color>#c568a2</color><color>#e1cdeb</color><color>#6d967d</color><color>#2b362a</color></comb><comb><color>#000001</color><color>#009ab0</color><color>#82efee</color><color>#cfbca6</color><color>#128a08</color></comb><comb><color>#00070a</color><color>#294552</color><color>#597884</color><color>#acc4ce</color><color>#9eb9b3</color></comb><comb><color>#00787a</color><color>#94ebd8</color><color>#00b349</color><color>#007939</color><color>#003d34</color></comb><comb><color>#ffc501</color><color>#f9ddfc</color><color>#e38ed8</color><color>#da2b90</color><color>#44052c</color></comb><comb><color>#2d4a05</color><color>#738830</color><color>#fd742d</color><color>#dc0f0f</color><color>#5e0000</color></comb><comb><color>#f8f9fd</color><color>#00939c</color><color>#df8f46</color><color>#e2ceb3</color><color>#ff798a</color></comb><comb><color>#2d0000</color><color>#cec2cd</color><color>#de91c5</color><color>#e854a5</color><color>#8b0043</color></comb><comb><color>#f0bf30</color><color>#c568a2</color><color>#e1cdeb</color><color>#6d967d</color><color>#2b362a</color></comb><comb><color>#000001</color><color>#009ab0</color><color>#82efee</color><color>#cfbca6</color><color>#128a08</color></comb><comb><color>#00070a</color><color>#294552</color><color>#597884</color><color>#acc4ce</color><color>#9eb9b3</color></comb><comb><color>#00787a</color><color>#94ebd8</color><color>#00b349</color><color>#007939</color><color>#003d34</color></comb><comb><color>#ffc501</color><color>#f9ddfc</color><color>#e38ed8</color><color>#da2b90</color><color>#44052c</color></comb><comb><color>#2d4a05</color><color>#738830</color><color>#fd742d</color><color>#dc0f0f</color><color>#5e0000</color></comb><comb><color>#f8f9fd</color><color>#00939c</color><color>#df8f46</color><color>#e2ceb3</color><color>#ff798a</color></comb><comb><color>#2d0000</color><color>#cec2cd</color><color>#de91c5</color><color>#e854a5</color><color>#8b0043</color></comb><comb><color>#f0bf30</color><color>#c568a2</color><color>#e1cdeb</color><color>#6d967d</color><color>#2b362a</color></comb><comb><color>#000001</color><color>#009ab0</color><color>#82efee</color><color>#cfbca6</color><color>#128a08</color></comb><comb><color>#00070a</color><color>#294552</color><color>#597884</color><color>#acc4ce</color><color>#9eb9b3</color></comb><comb><color>#00787a</color><color>#94ebd8</color><color>#00b349</color><color>#007939</color><color>#003d34</color></comb><comb><color>#ffc501</color><color>#f9ddfc</color><color>#e38ed8</color><color>#da2b90</color><color>#44052c</color></comb><comb><color>#2d4a05</color><color>#738830</color><color>#fd742d</color><color>#dc0f0f</color><color>#5e0000</color></comb><comb><color>#f8f9fd</color><color>#00939c</color><color>#df8f46</color><color>#e2ceb3</color><color>#ff798a</color></comb><comb><color>#2d0000</color><color>#cec2cd</color><color>#de91c5</color><color>#e854a5</color><color>#8b0043</color></comb><comb><color>#f0bf30</color><color>#c568a2</color><color>#e1cdeb</color><color>#6d967d</color><color>#2b362a</color></comb><comb><color>#000001</color><color>#009ab0</color><color>#82efee</color><color>#cfbca6</color><color>#128a08</color></comb><comb><color>#00070a</color><color>#294552</color><color>#597884</color><color>#acc4ce</color><color>#9eb9b3</color></comb><comb><color>#00787a</color><color>#94ebd8</color><color>#00b349</color><color>#007939</color><color>#003d34</color></comb><comb><color>#ffc501</color><color>#f9ddfc</color><color>#e38ed8</color><color>#da2b90</color><color>#44052c</color></comb><comb><color>#2d4a05</color><color>#738830</color><color>#fd742d</color><color>#dc0f0f</color><color>#5e0000</color></comb><comb><color>#f8f9fd</color><color>#00939c</color><color>#df8f46</color><color>#e2ceb3</color><color>#ff798a</color></comb><comb><color>#2d0000</color><color>#cec2cd</color><color>#de91c5</color><color>#e854a5</color><color>#8b0043</color></comb><comb><color>#f0bf30</color><color>#c568a2</color><color>#e1cdeb</color><color>#6d967d</color><color>#2b362a</color></comb><comb><color>#000001</color><color>#009ab0</color><color>#82efee</color><color>#cfbca6</color><color>#128a08</color></comb><comb><color>#00070a</color><color>#294552</color><color>#597884</color><color>#acc4ce</color><color>#9eb9b3</color></comb><comb><color>#00787a</color><color>#94ebd8</color><color>#00b349</color><color>#007939</color><color>#003d34</color></comb><comb><color>#ffc501</color><color>#f9ddfc</color><color>#e38ed8</color><color>#da2b90</color><color>#44052c</color></comb><comb><color>#2d4a05</color><color>#738830</color><color>#fd742d</color><color>#dc0f0f</color><color>#5e0000</color></comb><comb><color>#f8f9fd</color><color>#00939c</color><color>#df8f46</color><color>#e2ceb3</color><color>#ff798a</color></comb><comb><color>#2d0000</color><color>#cec2cd</color><color>#de91c5</color><color>#e854a5</color><color>#8b0043</color></comb><comb><color>#f0bf30</color><color>#c568a2</color><color>#e1cdeb</color><color>#6d967d</color><color>#2b362a</color></comb><comb><color>#000001</color><color>#009ab0</color><color>#82efee</color><color>#cfbca6</color><color>#128a08</color></comb><comb><color>#00070a</color><color>#294552</color><color>#597884</color><color>#acc4ce</color><color>#9eb9b3</color></comb><comb><color>#00787a</color><color>#94ebd8</color><color>#00b349</color><color>#007939</color><color>#003d34</color></comb><comb><color>#ffc501</color><color>#f9ddfc</color><color>#e38ed8</color><color>#da2b90</color><color>#44052c</color></comb><comb><color>#2d4a05</color><color>#738830</color><color>#fd742d</color><color>#dc0f0f</color><color>#5e0000</color></comb><comb><color>#f8f9fd</color><color>#00939c</color><color>#df8f46</color><color>#e2ceb3</color><color>#ff798a</color></comb><comb><color>#2d0000</color><color>#cec2cd</color><color>#de91c5</color><color>#e854a5</color><color>#8b0043</color></comb><comb><color>#f0bf30</color><color>#c568a2</color><color>#e1cdeb</color><color>#6d967d</color><color>#2b362a</color></comb><comb><color>#000001</color><color>#009ab0</color><color>#82efee</color><color>#cfbca6</color><color>#128a08</color></comb><comb><color>#00070a</color><color>#294552</color><color>#597884</color><color>#acc4ce</color><color>#9eb9b3</color></comb><comb><color>#00787a</color><color>#94ebd8</color><color>#00b349</color><color>#007939</color><color>#003d34</color></comb><comb><color>#ffc501</color><color>#f9ddfc</color><color>#e38ed8</color><color>#da2b90</color><color>#44052c</color></comb><comb><color>#2d4a05</color><color>#738830</color><color>#fd742d</color><color>#dc0f0f</color><color>#5e0000</color></comb><comb><color>#f8f9fd</color><color>#00939c</color><color>#df8f46</color><color>#e2ceb3</color><color>#ff798a</color></comb><comb><color>#2d0000</color><color>#cec2cd</color><color>#de91c5</color><color>#e854a5</color><color>#8b0043</color></comb><comb><color>#f0bf30</color><color>#c568a2</color><color>#e1cdeb</color><color>#6d967d</color><color>#2b362a</color></comb><comb><color>#000001</color><color>#009ab0</color><color>#82efee</color><color>#cfbca6</color><color>#128a08</color></comb><comb><color>#00070a</color><color>#294552</color><color>#597884</color><color>#acc4ce</color><color>#9eb9b3</color></comb><comb><color>#00787a</color><color>#94ebd8</color><color>#00b349</color><color>#007939</color><color>#003d34</color></comb><comb><color>#ffc501</color><color>#f9ddfc</color><color>#e38ed8</color><color>#da2b90</color><color>#44052c</color></comb><comb><color>#2d4a05</color><color>#738830</color><color>#fd742d</color><color>#dc0f0f</color><color>#5e0000</color></comb><comb><color>#f8f9fd</color><color>#00939c</color><color>#df8f46</color><color>#e2ceb3</color><color>#ff798a</color></comb><comb><color>#2d0000</color><color>#cec2cd</color><color>#de91c5</color><color>#e854a5</color><color>#8b0043</color></comb><comb><color>#f0bf30</color><color>#c568a2</color><color>#e1cdeb</color><color>#6d967d</color><color>#2b362a</color></comb><comb><color>#000001</color><color>#009ab0</color><color>#82efee</color><color>#cfbca6</color><color>#128a08</color></comb><comb><color>#00070a</color><color>#294552</color><color>#597884</color><color>#acc4ce</color><color>#9eb9b3</color></comb><comb><color>#00787a</color><color>#94ebd8</color><color>#00b349</color><color>#007939</color><color>#003d34</color></comb><comb><color>#ffc501</color><color>#f9ddfc</color><color>#e38ed8</color><color>#da2b90</color><color>#44052c</color></comb><comb><color>#2d4a05</color><color>#738830</color><color>#fd742d</color><color>#dc0f0f</color><color>#5e0000</color></comb><comb><color>#f8f9fd</color><color>#00939c</color><color>#df8f46</color><color>#e2ceb3</color><color>#ff798a</color></comb><comb><color>#2d0000</color><color>#cec2cd</color><color>#de91c5</color><color>#e854a5</color><color>#8b0043</color></comb><comb><color>#f0bf30</color><color>#c568a2</color><color>#e1cdeb</color><color>#6d967d</color><color>#2b362a</color></comb><comb><color>#000001</color><color>#009ab0</color><color>#82efee</color><color>#cfbca6</color><color>#128a08</color></comb><comb><color>#00070a</color><color>#294552</color><color>#597884</color><color>#acc4ce</color><color>#9eb9b3</color></comb><comb><color>#00787a</color><color>#94ebd8</color><color>#00b349</color><color>#007939</color><color>#003d34</color></comb><comb><color>#ffc501</color><color>#f9ddfc</color><color>#e38ed8</color><color>#da2b90</color><color>#44052c</color></comb><comb><color>#2d4a05</color><color>#738830</color><color>#fd742d</color><color>#dc0f0f</color><color>#5e0000</color></comb><comb><color>#f8f9fd</color><color>#00939c</color><color>#df8f46</color><color>#e2ceb3</color><color>#ff798a</color></comb><comb><color>#2d0000</color><color>#cec2cd</color><color>#de91c5</color><color>#e854a5</color><color>#8b0043</color></comb><comb><color>#f0bf30</color><color>#c568a2</color><color>#e1cdeb</color><color>#6d967d</color><color>#2b362a</color></comb><comb><color>#000001</color><color>#009ab0</color><color>#82efee</color><color>#cfbca6</color><color>#128a08</color></comb><comb><color>#00070a</color><color>#294552</color><color>#597884</color><color>#acc4ce</color><color>#9eb9b3</color></comb><comb><color>#00787a</color><color>#94ebd8</color><color>#00b349</color><color>#007939</color><color>#003d34</color></comb><comb><color>#ffc501</color><color>#f9ddfc</color><color>#e38ed8</color><color>#da2b90</color><color>#44052c</color></comb><comb><color>#2d4a05</color><color>#738830</color><color>#fd742d</color><color>#dc0f0f</color><color>#5e0000</color></comb><comb><color>#f8f9fd</color><color>#00939c</color><color>#df8f46</color><color>#e2ceb3</color><color>#ff798a</color></comb><comb><color>#2d0000</color><color>#cec2cd</color><color>#de91c5</color><color>#e854a5</color><color>#8b0043</color></comb><comb><color>#f0bf30</color><color>#c568a2</color><color>#e1cdeb</color><color>#6d967d</color><color>#2b362a</color></comb><comb><color>#000001</color><color>#009ab0</color><color>#82efee</color><color>#cfbca6</color><color>#128a08</color></comb><comb><color>#00070a</color><color>#294552</color><color>#597884</color><color>#acc4ce</color><color>#9eb9b3</color></comb><comb><color>#00787a</color><color>#94ebd8</color><color>#00b349</color><color>#007939</color><color>#003d34</color></comb><comb><color>#ffc501</color><color>#f9ddfc</color><color>#e38ed8</color><color>#da2b90</color><color>#44052c</color></comb><comb><color>#2d4a05</color><color>#738830</color><color>#fd742d</color><color>#dc0f0f</color><color>#5e0000</color></comb><comb><color>#f8f9fd</color><color>#00939c</color><color>#df8f46</color><color>#e2ceb3</color><color>#ff798a</color></comb><comb><color>#2d0000</color><color>#cec2cd</color><color>#de91c5</color><color>#e854a5</color><color>#8b0043</color></comb><comb><color>#f0bf30</color><color>#c568a2</color><color>#e1cdeb</color><color>#6d967d</color><color>#2b362a</color></comb><comb><color>#000001</color><color>#009ab0</color><color>#82efee</color><color>#cfbca6</color><color>#128a08</color></comb><comb><color>#00070a</color><color>#294552</color><color>#597884</color><color>#acc4ce</color><color>#9eb9b3</color></comb><comb><color>#00787a</color><color>#94ebd8</color><color>#00b349</color><color>#007939</color><color>#003d34</color></comb><comb><color>#ffc501</color><color>#f9ddfc</color><color>#e38ed8</color><color>#da2b90</color><color>#44052c</color></comb><comb><color>#2d4a05</color><color>#738830</color><color>#fd742d</color><color>#dc0f0f</color><color>#5e0000</color></comb><comb><color>#f8f9fd</color><color>#00939c</color><color>#df8f46</color><color>#e2ceb3</color><color>#ff798a</color></comb><comb><color>#2d0000</color><color>#cec2cd</color><color>#de91c5</color><color>#e854a5</color><color>#8b0043</color></comb><comb><color>#f0bf30</color><color>#c568a2</color><color>#e1cdeb</color><color>#6d967d</color><color>#2b362a</color></comb><comb><color>#000001</color><color>#009ab0</color><color>#82efee</color><color>#cfbca6</color><color>#128a08</color></comb><comb><color>#00070a</color><color>#294552</color><color>#597884</color><color>#acc4ce</color><color>#9eb9b3</color></comb><comb><color>#00787a</color><color>#94ebd8</color><color>#00b349</color><color>#007939</color><color>#003d34</color></comb><comb><color>#ffc501</color><color>#f9ddfc</color><color>#e38ed8</color><color>#da2b90</color><color>#44052c</color></comb><comb><color>#2d4a05</color><color>#738830</color><color>#fd742d</color><color>#dc0f0f</color><color>#5e0000</color></comb><comb><color>#f8f9fd</color><color>#00939c</color><color>#df8f46</color><color>#e2ceb3</color><color>#ff798a</color></comb><comb><color>#2d0000</color><color>#cec2cd</color><color>#de91c5</color><color>#e854a5</color><color>#8b0043</color></comb><comb><color>#f0bf30</color><color>#c568a2</color><color>#e1cdeb</color><color>#6d967d</color><color>#2b362a</color></comb><comb><color>#000001</color><color>#009ab0</color><color>#82efee</color><color>#cfbca6</color><color>#128a08</color></comb><comb><color>#00070a</color><color>#294552</color><color>#597884</color><color>#acc4ce</color><color>#9eb9b3</color></comb><comb><color>#00787a</color><color>#94ebd8</color><color>#00b349</color><color>#007939</color><color>#003d34</color></comb><comb><color>#ffc501</color><color>#f9ddfc</color><color>#e38ed8</color><color>#da2b90</color><color>#44052c</color></comb><comb><color>#2d4a05</color><color>#738830</color><color>#fd742d</color><color>#dc0f0f</color><color>#5e0000</color></comb><comb><color>#f8f9fd</color><color>#00939c</color><color>#df8f46</color><color>#e2ceb3</color><color>#ff798a</color></comb><comb><color>#2d0000</color><color>#cec2cd</color><color>#de91c5</color><color>#e854a5</color><color>#8b0043</color></comb><comb><color>#f0bf30</color><color>#c568a2</color><color>#e1cdeb</color><color>#6d967d</color><color>#2b362a</color></comb><comb><color>#000001</color><color>#009ab0</color><color>#82efee</color><color>#cfbca6</color><color>#128a08</color></comb><comb><color>#00070a</color><color>#294552</color><color>#597884</color><color>#acc4ce</color><color>#9eb9b3</color></comb><comb><color>#00787a</color><color>#94ebd8</color><color>#00b349</color><color>#007939</color><color>#003d34</color></comb><comb><color>#ffc501</color><color>#f9ddfc</color><color>#e38ed8</color><color>#da2b90</color><color>#44052c</color></comb><comb><color>#2d4a05</color><color>#738830</color><color>#fd742d</color><color>#dc0f0f</color><color>#5e0000</color></comb><comb><color>#f8f9fd</color><color>#00939c</color><color>#df8f46</color><color>#e2ceb3</color><color>#ff798a</color></comb><comb><color>#2d0000</color><color>#cec2cd</color><color>#de91c5</color><color>#e854a5</color><color>#8b0043</color></comb><comb><color>#f0bf30</color><color>#c568a2</color><color>#e1cdeb</color><color>#6d967d</color><color>#2b362a</color></comb><comb><color>#000001</color><color>#009ab0</color><color>#82efee</color><color>#cfbca6</color><color>#128a08</color></comb><comb><color>#00070a</color><color>#294552</color><color>#597884</color><color>#acc4ce</color><color>#9eb9b3</color></comb><comb><color>#00787a</color><color>#94ebd8</color><color>#00b349</color><color>#007939</color><color>#003d34</color></comb><comb><color>#ffc501</color><color>#f9ddfc</color><color>#e38ed8</color><color>#da2b90</color><color>#44052c</color></comb><comb><color>#2d4a05</color><color>#738830</color><color>#fd742d</color><color>#dc0f0f</color><color>#5e0000</color></comb><comb><color>#f8f9fd</color><color>#00939c</color><color>#df8f46</color><color>#e2ceb3</color><color>#ff798a</color></comb><comb><color>#2d0000</color><color>#cec2cd</color><color>#de91c5</color><color>#e854a5</color><color>#8b0043</color></comb><comb><color>#f0bf30</color><color>#c568a2</color><color>#e1cdeb</color><color>#6d967d</color><color>#2b362a</color></comb><comb><color>#000001</color><color>#009ab0</color><color>#82efee</color><color>#cfbca6</color><color>#128a08</color></comb><comb><color>#00070a</color><color>#294552</color><color>#597884</color><color>#acc4ce</color><color>#9eb9b3</color></comb><comb><color>#00787a</color><color>#94ebd8</color><color>#00b349</color><color>#007939</color><color>#003d34</color></comb><comb><color>#ffc501</color><color>#f9ddfc</color><color>#e38ed8</color><color>#da2b90</color><color>#44052c</color></comb><comb><color>#2d4a05</color><color>#738830</color><color>#fd742d</color><color>#dc0f0f</color><color>#5e0000</color></comb><comb><color>#f8f9fd</color><color>#00939c</color><color>#df8f46</color><color>#e2ceb3</color><color>#ff798a</color></comb><comb><color>#2d0000</color><color>#cec2cd</color><color>#de91c5</color><color>#e854a5</color><color>#8b0043</color></comb><comb><color>#f0bf30</color><color>#c568a2</color><color>#e1cdeb</color><color>#6d967d</color><color>#2b362a</color></comb><comb><color>#000001</color><color>#009ab0</color><color>#82efee</color><color>#cfbca6</color><color>#128a08</color></comb><comb><color>#00070a</color><color>#294552</color><color>#597884</color><color>#acc4ce</color><color>#9eb9b3</color></comb><comb><color>#00787a</color><color>#94ebd8</color><color>#00b349</color><color>#007939</color><color>#003d34</color></comb><comb><color>#ffc501</color><color>#f9ddfc</color><color>#e38ed8</color><color>#da2b90</color><color>#44052c</color></comb><comb><color>#2d4a05</color><color>#738830</color><color>#fd742d</color><color>#dc0f0f</color><color>#5e0000</color></comb><comb><color>#f8f9fd</color><color>#00939c</color><color>#df8f46</color><color>#e2ceb3</color><color>#ff798a</color></comb><comb><color>#2d0000</color><color>#cec2cd</color><color>#de91c5</color><color>#e854a5</color><color>#8b0043</color></comb><comb><color>#f0bf30</color><color>#c568a2</color><color>#e1cdeb</color><color>#6d967d</color><color>#2b362a</color></comb><comb><color>#000001</color><color>#009ab0</color><color>#82efee</color><color>#cfbca6</color><color>#128a08</color></comb><comb><color>#00070a</color><color>#294552</color><color>#597884</color><color>#acc4ce</color><color>#9eb9b3</color></comb><comb><color>#00787a</color><color>#94ebd8</color><color>#00b349</color><color>#007939</color><color>#003d34</color></comb><comb><color>#ffc501</color><color>#f9ddfc</color><color>#e38ed8</color><color>#da2b90</color><color>#44052c</color></comb><comb><color>#2d4a05</color><color>#738830</color><color>#fd742d</color><color>#dc0f0f</color><color>#5e0000</color></comb><comb><color>#f8f9fd</color><color>#00939c</color><color>#df8f46</color><color>#e2ceb3</color><color>#ff798a</color></comb><comb><color>#2d0000</color><color>#cec2cd</color><color>#de91c5</color><color>#e854a5</color><color>#8b0043</color></comb><comb><color>#f0bf30</color><color>#c568a2</color><color>#e1cdeb</color><color>#6d967d</color><color>#2b362a</color></comb><comb><color>#000001</color><color>#009ab0</color><color>#82efee</color><color>#cfbca6</color><color>#128a08</color></comb><comb><color>#00070a</color><color>#294552</color><color>#597884</color><color>#acc4ce</color><color>#9eb9b3</color></comb><comb><color>#00787a</color><color>#94ebd8</color><color>#00b349</color><color>#007939</color><color>#003d34</color></comb><comb><color>#ffc501</color><color>#f9ddfc</color><color>#e38ed8</color><color>#da2b90</color><color>#44052c</color></comb><comb><color>#2d4a05</color><color>#738830</color><color>#fd742d</color><color>#dc0f0f</color><color>#5e0000</color></comb><comb><color>#f8f9fd</color><color>#00939c</color><color>#df8f46</color><color>#e2ceb3</color><color>#ff798a</color></comb><comb><color>#2d0000</color><color>#cec2cd</color><color>#de91c5</color><color>#e854a5</color><color>#8b0043</color></comb><comb><color>#f0bf30</color><color>#c568a2</color><color>#e1cdeb</color><color>#6d967d</color><color>#2b362a</color></comb><comb><color>#000001</color><color>#009ab0</color><color>#82efee</color><color>#cfbca6</color><color>#128a08</color></comb><comb><color>#00070a</color><color>#294552</color><color>#597884</color><color>#acc4ce</color><color>#9eb9b3</color></comb><comb><color>#00787a</color><color>#94ebd8</color><color>#00b349</color><color>#007939</color><color>#003d34</color></comb><comb><color>#ffc501</color><color>#f9ddfc</color><color>#e38ed8</color><color>#da2b90</color><color>#44052c</color></comb><comb><color>#2d4a05</color><color>#738830</color><color>#fd742d</color><color>#dc0f0f</color><color>#5e0000</color></comb><comb><color>#f8f9fd</color><color>#00939c</color><color>#df8f46</color><color>#e2ceb3</color><color>#ff798a</color></comb><comb><color>#2d0000</color><color>#cec2cd</color><color>#de91c5</color><color>#e854a5</color><color>#8b0043</color></comb><comb><color>#f0bf30</color><color>#c568a2</color><color>#e1cdeb</color><color>#6d967d</color><color>#2b362a</color></comb><comb><color>#000001</color><color>#009ab0</color><color>#82efee</color><color>#cfbca6</color><color>#128a08</color></comb><comb><color>#00070a</color><color>#294552</color><color>#597884</color><color>#acc4ce</color><color>#9eb9b3</color></comb><comb><color>#00787a</color><color>#94ebd8</color><color>#00b349</color><color>#007939</color><color>#003d34</color></comb><comb><color>#ffc501</color><color>#f9ddfc</color><color>#e38ed8</color><color>#da2b90</color><color>#44052c</color></comb><comb><color>#2d4a05</color><color>#738830</color><color>#fd742d</color><color>#dc0f0f</color><color>#5e0000</color></comb><comb><color>#f8f9fd</color><color>#00939c</color><color>#df8f46</color><color>#e2ceb3</color><color>#ff798a</color></comb><comb><color>#2d0000</color><color>#cec2cd</color><color>#de91c5</color><color>#e854a5</color><color>#8b0043</color></comb><comb><color>#f0bf30</color><color>#c568a2</color><color>#e1cdeb</color><color>#6d967d</color><color>#2b362a</color></comb><comb><color>#000001</color><color>#009ab0</color><color>#82efee</color><color>#cfbca6</color><color>#128a08</color></comb><comb><color>#00070a</color><color>#294552</color><color>#597884</color><color>#acc4ce</color><color>#9eb9b3</color></comb><comb><color>#00787a</color><color>#94ebd8</color><color>#00b349</color><color>#007939</color><color>#003d34</color></comb><comb><color>#ffc501</color><color>#f9ddfc</color><color>#e38ed8</color><color>#da2b90</color><color>#44052c</color></comb><comb><color>#2d4a05</color><color>#738830</color><color>#fd742d</color><color>#dc0f0f</color><color>#5e0000</color></comb><comb><color>#f8f9fd</color><color>#00939c</color><color>#df8f46</color><color>#e2ceb3</color><color>#ff798a</color></comb><comb><color>#2d0000</color><color>#cec2cd</color><color>#de91c5</color><color>#e854a5</color><color>#8b0043</color></comb><comb><color>#f0bf30</color><color>#c568a2</color><color>#e1cdeb</color><color>#6d967d</color><color>#2b362a</color></comb><comb><color>#000001</color><color>#009ab0</color><color>#82efee</color><color>#cfbca6</color><color>#128a08</color></comb><comb><color>#00070a</color><color>#294552</color><color>#597884</color><color>#acc4ce</color><color>#9eb9b3</color></comb><comb><color>#00787a</color><color>#94ebd8</color><color>#00b349</color><color>#007939</color><color>#003d34</color></comb><comb><color>#ffc501</color><color>#f9ddfc</color><color>#e38ed8</color><color>#da2b90</color><color>#44052c</color></comb><comb><color>#2d4a05</color><color>#738830</color><color>#fd742d</color><color>#dc0f0f</color><color>#5e0000</color></comb><comb><color>#f8f9fd</color><color>#00939c</color><color>#df8f46</color><color>#e2ceb3</color><color>#ff798a</color></comb><comb><color>#2d0000</color><color>#cec2cd</color><color>#de91c5</color><color>#e854a5</color><color>#8b0043</color></comb><comb><color>#f0bf30</color><color>#c568a2</color><color>#e1cdeb</color><color>#6d967d</color><color>#2b362a</color></comb><comb><color>#000001</color><color>#009ab0</color><color>#82efee</color><color>#cfbca6</color><color>#128a08</color></comb><comb><color>#00070a</color><color>#294552</color><color>#597884</color><color>#acc4ce</color><color>#9eb9b3</color></comb><comb><color>#00787a</color><color>#94ebd8</color><color>#00b349</color><color>#007939</color><color>#003d34</color></comb><comb><color>#ffc501</color><color>#f9ddfc</color><color>#e38ed8</color><color>#da2b90</color><color>#44052c</color></comb><comb><color>#2d4a05</color><color>#738830</color><color>#fd742d</color><color>#dc0f0f</color><color>#5e0000</color></comb><comb><color>#f8f9fd</color><color>#00939c</color><color>#df8f46</color><color>#e2ceb3</color><color>#ff798a</color></comb><comb><color>#2d0000</color><color>#cec2cd</color><color>#de91c5</color><color>#e854a5</color><color>#8b0043</color></comb><comb><color>#f0bf30</color><color>#c568a2</color><color>#e1cdeb</color><color>#6d967d</color><color>#2b362a</color></comb><comb><color>#000001</color><color>#009ab0</color><color>#82efee</color><color>#cfbca6</color><color>#128a08</color></comb><comb><color>#00070a</color><color>#294552</color><color>#597884</color><color>#acc4ce</color><color>#9eb9b3</color></comb><comb><color>#00787a</color><color>#94ebd8</color><color>#00b349</color><color>#007939</color><color>#003d34</color></comb><comb><color>#ffc501</color><color>#f9ddfc</color><color>#e38ed8</color><color>#da2b90</color><color>#44052c</color></comb><comb><color>#2d4a05</color><color>#738830</color><color>#fd742d</color><color>#dc0f0f</color><color>#5e0000</color></comb><comb><color>#f8f9fd</color><color>#00939c</color><color>#df8f46</color><color>#e2ceb3</color><color>#ff798a</color></comb><comb><color>#2d0000</color><color>#cec2cd</color><color>#de91c5</color><color>#e854a5</color><color>#8b0043</color></comb><comb><color>#f0bf30</color><color>#c568a2</color><color>#e1cdeb</color><color>#6d967d</color><color>#2b362a</color></comb><comb><color>#000001</color><color>#009ab0</color><color>#82efee</color><color>#cfbca6</color><color>#128a08</color></comb><comb><color>#00070a</color><color>#294552</color><color>#597884</color><color>#acc4ce</color><color>#9eb9b3</color></comb><comb><color>#00787a</color><color>#94ebd8</color><color>#00b349</color><color>#007939</color><color>#003d34</color></comb><comb><color>#ffc501</color><color>#f9ddfc</color><color>#e38ed8</color><color>#da2b90</color><color>#44052c</color></comb><comb><color>#2d4a05</color><color>#738830</color><color>#fd742d</color><color>#dc0f0f</color><color>#5e0000</color></comb><comb><color>#f8f9fd</color><color>#00939c</color><color>#df8f46</color><color>#e2ceb3</color><color>#ff798a</color></comb><comb><color>#2d0000</color><color>#cec2cd</color><color>#de91c5</color><color>#e854a5</color><color>#8b0043</color></comb><comb><color>#f0bf30</color><color>#c568a2</color><color>#e1cdeb</color><color>#6d967d</color><color>#2b362a</color></comb><comb><color>#000001</color><color>#009ab0</color><color>#82efee</color><color>#cfbca6</color><color>#128a08</color></comb><comb><color>#00070a</color><color>#294552</color><color>#597884</color><color>#acc4ce</color><color>#9eb9b3</color></comb><comb><color>#00787a</color><color>#94ebd8</color><color>#00b349</color><color>#007939</color><color>#003d34</color></comb><comb><color>#ffc501</color><color>#f9ddfc</color><color>#e38ed8</color><color>#da2b90</color><color>#44052c</color></comb><comb><color>#2d4a05</color><color>#738830</color><color>#fd742d</color><color>#dc0f0f</color><color>#5e0000</color></comb><comb><color>#f8f9fd</color><color>#00939c</color><color>#df8f46</color><color>#e2ceb3</color><color>#ff798a</color></comb><comb><color>#2d0000</color><color>#cec2cd</color><color>#de91c5</color><color>#e854a5</color><color>#8b0043</color></comb><comb><color>#f0bf30</color><color>#c568a2</color><color>#e1cdeb</color><color>#6d967d</color><color>#2b362a</color></comb><comb><color>#000001</color><color>#009ab0</color><color>#82efee</color><color>#cfbca6</color><color>#128a08</color></comb><comb><color>#00070a</color><color>#294552</color><color>#597884</color><color>#acc4ce</color><color>#9eb9b3</color></comb><comb><color>#00787a</color><color>#94ebd8</color><color>#00b349</color><color>#007939</color><color>#003d34</color></comb><comb><color>#ffc501</color><color>#f9ddfc</color><color>#e38ed8</color><color>#da2b90</color><color>#44052c</color></comb><comb><color>#2d4a05</color><color>#738830</color><color>#fd742d</color><color>#dc0f0f</color><color>#5e0000</color></comb><comb><color>#f8f9fd</color><color>#00939c</color><color>#df8f46</color><color>#e2ceb3</color><color>#ff798a</color></comb><comb><color>#2d0000</color><color>#cec2cd</color><color>#de91c5</color><color>#e854a5</color><color>#8b0043</color></comb><comb><color>#f0bf30</color><color>#c568a2</color><color>#e1cdeb</color><color>#6d967d</color><color>#2b362a</color></comb><comb><color>#000001</color><color>#009ab0</color><color>#82efee</color><color>#cfbca6</color><color>#128a08</color></comb><comb><color>#00070a</color><color>#294552</color><color>#597884</color><color>#acc4ce</color><color>#9eb9b3</color></comb><comb><color>#00787a</color><color>#94ebd8</color><color>#00b349</color><color>#007939</color><color>#003d34</color></comb><comb><color>#ffc501</color><color>#f9ddfc</color><color>#e38ed8</color><color>#da2b90</color><color>#44052c</color></comb><comb><color>#2d4a05</color><color>#738830</color><color>#fd742d</color><color>#dc0f0f</color><color>#5e0000</color></comb><comb><color>#f8f9fd</color><color>#00939c</color><color>#df8f46</color><color>#e2ceb3</color><color>#ff798a</color></comb><comb><color>#2d0000</color><color>#cec2cd</color><color>#de91c5</color><color>#e854a5</color><color>#8b0043</color></comb><comb><color>#f0bf30</color><color>#c568a2</color><color>#e1cdeb</color><color>#6d967d</color><color>#2b362a</color></comb><comb><color>#000001</color><color>#009ab0</color><color>#82efee</color><color>#cfbca6</color><color>#128a08</color></comb><comb><color>#00070a</color><color>#294552</color><color>#597884</color><color>#acc4ce</color><color>#9eb9b3</color></comb><comb><color>#00787a</color><color>#94ebd8</color><color>#00b349</color><color>#007939</color><color>#003d34</color></comb><comb><color>#ffc501</color><color>#f9ddfc</color><color>#e38ed8</color><color>#da2b90</color><color>#44052c</color></comb><comb><color>#2d4a05</color><color>#738830</color><color>#fd742d</color><color>#dc0f0f</color><color>#5e0000</color></comb><comb><color>#f8f9fd</color><color>#00939c</color><color>#df8f46</color><color>#e2ceb3</color><color>#ff798a</color></comb><comb><color>#2d0000</color><color>#cec2cd</color><color>#de91c5</color><color>#e854a5</color><color>#8b0043</color></comb><comb><color>#f0bf30</color><color>#c568a2</color><color>#e1cdeb</color><color>#6d967d</color><color>#2b362a</color></comb><comb><color>#000001</color><color>#009ab0</color><color>#82efee</color><color>#cfbca6</color><color>#128a08</color></comb><comb><color>#00070a</color><color>#294552</color><color>#597884</color><color>#acc4ce</color><color>#9eb9b3</color></comb><comb><color>#00787a</color><color>#94ebd8</color><color>#00b349</color><color>#007939</color><color>#003d34</color></comb><comb><color>#ffc501</color><color>#f9ddfc</color><color>#e38ed8</color><color>#da2b90</color><color>#44052c</color></comb><comb><color>#2d4a05</color><color>#738830</color><color>#fd742d</color><color>#dc0f0f</color><color>#5e0000</color></comb><comb><color>#f8f9fd</color><color>#00939c</color><color>#df8f46</color><color>#e2ceb3</color><color>#ff798a</color></comb><comb><color>#2d0000</color><color>#cec2cd</color><color>#de91c5</color><color>#e854a5</color><color>#8b0043</color></comb><comb><color>#f0bf30</color><color>#c568a2</color><color>#e1cdeb</color><color>#6d967d</color><color>#2b362a</color></comb><comb><color>#000001</color><color>#009ab0</color><color>#82efee</color><color>#cfbca6</color><color>#128a08</color></comb><comb><color>#00070a</color><color>#294552</color><color>#597884</color><color>#acc4ce</color><color>#9eb9b3</color></comb><comb><color>#00787a</color><color>#94ebd8</color><color>#00b349</color><color>#007939</color><color>#003d34</color></comb><comb><color>#ffc501</color><color>#f9ddfc</color><color>#e38ed8</color><color>#da2b90</color><color>#44052c</color></comb><comb><color>#2d4a05</color><color>#738830</color><color>#fd742d</color><color>#dc0f0f</color><color>#5e0000</color></comb><comb><color>#f8f9fd</color><color>#00939c</color><color>#df8f46</color><color>#e2ceb3</color><color>#ff798a</color></comb><comb><color>#2d0000</color><color>#cec2cd</color><color>#de91c5</color><color>#e854a5</color><color>#8b0043</color></comb><comb><color>#f0bf30</color><color>#c568a2</color><color>#e1cdeb</color><color>#6d967d</color><color>#2b362a</color></comb><comb><color>#000001</color><color>#009ab0</color><color>#82efee</color><color>#cfbca6</color><color>#128a08</color></comb><comb><color>#00070a</color><color>#294552</color><color>#597884</color><color>#acc4ce</color><color>#9eb9b3</color></comb><comb><color>#00787a</color><color>#94ebd8</color><color>#00b349</color><color>#007939</color><color>#003d34</color></comb><comb><color>#ffc501</color><color>#f9ddfc</color><color>#e38ed8</color><color>#da2b90</color><color>#44052c</color></comb><comb><color>#2d4a05</color><color>#738830</color><color>#fd742d</color><color>#dc0f0f</color><color>#5e0000</color></comb><comb><color>#f8f9fd</color><color>#00939c</color><color>#df8f46</color><color>#e2ceb3</color><color>#ff798a</color></comb><comb><color>#2d0000</color><color>#cec2cd</color><color>#de91c5</color><color>#e854a5</color><color>#8b0043</color></comb><comb><color>#f0bf30</color><color>#c568a2</color><color>#e1cdeb</color><color>#6d967d</color><color>#2b362a</color></comb><comb><color>#000001</color><color>#009ab0</color><color>#82efee</color><color>#cfbca6</color><color>#128a08</color></comb><comb><color>#00070a</color><color>#294552</color><color>#597884</color><color>#acc4ce</color><color>#9eb9b3</color></comb><comb><color>#00787a</color><color>#94ebd8</color><color>#00b349</color><color>#007939</color><color>#003d34</color></comb><comb><color>#ffc501</color><color>#f9ddfc</color><color>#e38ed8</color><color>#da2b90</color><color>#44052c</color></comb><comb><color>#2d4a05</color><color>#738830</color><color>#fd742d</color><color>#dc0f0f</color><color>#5e0000</color></comb><comb><color>#f8f9fd</color><color>#00939c</color><color>#df8f46</color><color>#e2ceb3</color><color>#ff798a</color></comb><comb><color>#2d0000</color><color>#cec2cd</color><color>#de91c5</color><color>#e854a5</color><color>#8b0043</color></comb><comb><color>#f0bf30</color><color>#c568a2</color><color>#e1cdeb</color><color>#6d967d</color><color>#2b362a</color></comb><comb><color>#000001</color><color>#009ab0</color><color>#82efee</color><color>#cfbca6</color><color>#128a08</color></comb><comb><color>#00070a</color><color>#294552</color><color>#597884</color><color>#acc4ce</color><color>#9eb9b3</color></comb><comb><color>#00787a</color><color>#94ebd8</color><color>#00b349</color><color>#007939</color><color>#003d34</color></comb><comb><color>#ffc501</color><color>#f9ddfc</color><color>#e38ed8</color><color>#da2b90</color><color>#44052c</color></comb><comb><color>#2d4a05</color><color>#738830</color><color>#fd742d</color><color>#dc0f0f</color><color>#5e0000</color></comb><comb><color>#f8f9fd</color><color>#00939c</color><color>#df8f46</color><color>#e2ceb3</color><color>#ff798a</color></comb><comb><color>#2d0000</color><color>#cec2cd</color><color>#de91c5</color><color>#e854a5</color><color>#8b0043</color></comb><comb><color>#f0bf30</color><color>#c568a2</color><color>#e1cdeb</color><color>#6d967d</color><color>#2b362a</color></comb><comb><color>#000001</color><color>#009ab0</color><color>#82efee</color><color>#cfbca6</color><color>#128a08</color></comb><comb><color>#00070a</color><color>#294552</color><color>#597884</color><color>#acc4ce</color><color>#9eb9b3</color></comb><comb><color>#00787a</color><color>#94ebd8</color><color>#00b349</color><color>#007939</color><color>#003d34</color></comb><comb><color>#ffc501</color><color>#f9ddfc</color><color>#e38ed8</color><color>#da2b90</color><color>#44052c</color></comb><comb><color>#2d4a05</color><color>#738830</color><color>#fd742d</color><color>#dc0f0f</color><color>#5e0000</color></comb><comb><color>#f8f9fd</color><color>#00939c</color><color>#df8f46</color><color>#e2ceb3</color><color>#ff798a</color></comb><comb><color>#2d0000</color><color>#cec2cd</color><color>#de91c5</color><color>#e854a5</color><color>#8b0043</color></comb><comb><color>#f0bf30</color><color>#c568a2</color><color>#e1cdeb</color><color>#6d967d</color><color>#2b362a</color></comb><comb><color>#000001</color><color>#009ab0</color><color>#82efee</color><color>#cfbca6</color><color>#128a08</color></comb><comb><color>#00070a</color><color>#294552</color><color>#597884</color><color>#acc4ce</color><color>#9eb9b3</color></comb><comb><color>#00787a</color><color>#94ebd8</color><color>#00b349</color><color>#007939</color><color>#003d34</color></comb><comb><color>#ffc501</color><color>#f9ddfc</color><color>#e38ed8</color><color>#da2b90</color><color>#44052c</color></comb><comb><color>#2d4a05</color><color>#738830</color><color>#fd742d</color><color>#dc0f0f</color><color>#5e0000</color></comb><comb><color>#f8f9fd</color><color>#00939c</color><color>#df8f46</color><color>#e2ceb3</color><color>#ff798a</color></comb><comb><color>#2d0000</color><color>#cec2cd</color><color>#de91c5</color><color>#e854a5</color><color>#8b0043</color></comb><comb><color>#f0bf30</color><color>#c568a2</color><color>#e1cdeb</color><color>#6d967d</color><color>#2b362a</color></comb><comb><color>#000001</color><color>#009ab0</color><color>#82efee</color><color>#cfbca6</color><color>#128a08</color></comb><comb><color>#00070a</color><color>#294552</color><color>#597884</color><color>#acc4ce</color><color>#9eb9b3</color></comb><comb><color>#00787a</color><color>#94ebd8</color><color>#00b349</color><color>#007939</color><color>#003d34</color></comb><comb><color>#ffc501</color><color>#f9ddfc</color><color>#e38ed8</color><color>#da2b90</color><color>#44052c</color></comb><comb><color>#2d4a05</color><color>#738830</color><color>#fd742d</color><color>#dc0f0f</color><color>#5e0000</color></comb><comb><color>#f8f9fd</color><color>#00939c</color><color>#df8f46</color><color>#e2ceb3</color><color>#ff798a</color></comb><comb><color>#2d0000</color><color>#cec2cd</color><color>#de91c5</color><color>#e854a5</color><color>#8b0043</color></comb><comb><color>#f0bf30</color><color>#c568a2</color><color>#e1cdeb</color><color>#6d967d</color><color>#2b362a</color></comb><comb><color>#000001</color><color>#009ab0</color><color>#82efee</color><color>#cfbca6</color><color>#128a08</color></comb><comb><color>#00070a</color><color>#294552</color><color>#597884</color><color>#acc4ce</color><color>#9eb9b3</color></comb><comb><color>#00787a</color><color>#94ebd8</color><color>#00b349</color><color>#007939</color><color>#003d34</color></comb><comb><color>#ffc501</color><color>#f9ddfc</color><color>#e38ed8</color><color>#da2b90</color><color>#44052c</color></comb><comb><color>#2d4a05</color><color>#738830</color><color>#fd742d</color><color>#dc0f0f</color><color>#5e0000</color></comb><comb><color>#f8f9fd</color><color>#00939c</color><color>#df8f46</color><color>#e2ceb3</color><color>#ff798a</color></comb><comb><color>#2d0000</color><color>#cec2cd</color><color>#de91c5</color><color>#e854a5</color><color>#8b0043</color></comb><comb><color>#f0bf30</color><color>#c568a2</color><color>#e1cdeb</color><color>#6d967d</color><color>#2b362a</color></comb><comb><color>#000001</color><color>#009ab0</color><color>#82efee</color><color>#cfbca6</color><color>#128a08</color></comb><comb><color>#00070a</color><color>#294552</color><color>#597884</color><color>#acc4ce</color><color>#9eb9b3</color></comb><comb><color>#00787a</color><color>#94ebd8</color><color>#00b349</color><color>#007939</color><color>#003d34</color></comb><comb><color>#ffc501</color><color>#f9ddfc</color><color>#e38ed8</color><color>#da2b90</color><color>#44052c</color></comb><comb><color>#2d4a05</color><color>#738830</color><color>#fd742d</color><color>#dc0f0f</color><color>#5e0000</color></comb><comb><color>#f8f9fd</color><color>#00939c</color><color>#df8f46</color><color>#e2ceb3</color><color>#ff798a</color></comb><comb><color>#2d0000</color><color>#cec2cd</color><color>#de91c5</color><color>#e854a5</color><color>#8b0043</color></comb><comb><color>#f0bf30</color><color>#c568a2</color><color>#e1cdeb</color><color>#6d967d</color><color>#2b362a</color></comb><comb><color>#000001</color><color>#009ab0</color><color>#82efee</color><color>#cfbca6</color><color>#128a08</color></comb><comb><color>#00070a</color><color>#294552</color><color>#597884</color><color>#acc4ce</color><color>#9eb9b3</color></comb><comb><color>#00787a</color><color>#94ebd8</color><color>#00b349</color><color>#007939</color><color>#003d34</color></comb><comb><color>#ffc501</color><color>#f9ddfc</color><color>#e38ed8</color><color>#da2b90</color><color>#44052c</color></comb><comb><color>#2d4a05</color><color>#738830</color><color>#fd742d</color><color>#dc0f0f</color><color>#5e0000</color></comb><comb><color>#f8f9fd</color><color>#00939c</color><color>#df8f46</color><color>#e2ceb3</color><color>#ff798a</color></comb><comb><color>#2d0000</color><color>#cec2cd</color><color>#de91c5</color><color>#e854a5</color><color>#8b0043</color></comb><comb><color>#f0bf30</color><color>#c568a2</color><color>#e1cdeb</color><color>#6d967d</color><color>#2b362a</color></comb><comb><color>#000001</color><color>#009ab0</color><color>#82efee</color><color>#cfbca6</color><color>#128a08</color></comb><comb><color>#00070a</color><color>#294552</color><color>#597884</color><color>#acc4ce</color><color>#9eb9b3</color></comb><comb><color>#00787a</color><color>#94ebd8</color><color>#00b349</color><color>#007939</color><color>#003d34</color></comb><comb><color>#ffc501</color><color>#f9ddfc</color><color>#e38ed8</color><color>#da2b90</color><color>#44052c</color></comb><comb><color>#2d4a05</color><color>#738830</color><color>#fd742d</color><color>#dc0f0f</color><color>#5e0000</color></comb><comb><color>#f8f9fd</color><color>#00939c</color><color>#df8f46</color><color>#e2ceb3</color><color>#ff798a</color></comb><comb><color>#2d0000</color><color>#cec2cd</color><color>#de91c5</color><color>#e854a5</color><color>#8b0043</color></comb><comb><color>#f0bf30</color><color>#c568a2</color><color>#e1cdeb</color><color>#6d967d</color><color>#2b362a</color></comb><comb><color>#000001</color><color>#009ab0</color><color>#82efee</color><color>#cfbca6</color><color>#128a08</color></comb><comb><color>#00070a</color><color>#294552</color><color>#597884</color><color>#acc4ce</color><color>#9eb9b3</color></comb><comb><color>#00787a</color><color>#94ebd8</color><color>#00b349</color><color>#007939</color><color>#003d34</color></comb><comb><color>#ffc501</color><color>#f9ddfc</color><color>#e38ed8</color><color>#da2b90</color><color>#44052c</color></comb><comb><color>#2d4a05</color><color>#738830</color><color>#fd742d</color><color>#dc0f0f</color><color>#5e0000</color></comb><comb><color>#f8f9fd</color><color>#00939c</color><color>#df8f46</color><color>#e2ceb3</color><color>#ff798a</color></comb><comb><color>#2d0000</color><color>#cec2cd</color><color>#de91c5</color><color>#e854a5</color><color>#8b0043</color></comb><comb><color>#f0bf30</color><color>#c568a2</color><color>#e1cdeb</color><color>#6d967d</color><color>#2b362a</color></comb><comb><color>#000001</color><color>#009ab0</color><color>#82efee</color><color>#cfbca6</color><color>#128a08</color></comb><comb><color>#00070a</color><color>#294552</color><color>#597884</color><color>#acc4ce</color><color>#9eb9b3</color></comb><comb><color>#00787a</color><color>#94ebd8</color><color>#00b349</color><color>#007939</color><color>#003d34</color></comb><comb><color>#ffc501</color><color>#f9ddfc</color><color>#e38ed8</color><color>#da2b90</color><color>#44052c</color></comb><comb><color>#2d4a05</color><color>#738830</color><color>#fd742d</color><color>#dc0f0f</color><color>#5e0000</color></comb><comb><color>#f8f9fd</color><color>#00939c</color><color>#df8f46</color><color>#e2ceb3</color><color>#ff798a</color></comb><comb><color>#2d0000</color><color>#cec2cd</color><color>#de91c5</color><color>#e854a5</color><color>#8b0043</color></comb><comb><color>#f0bf30</color><color>#c568a2</color><color>#e1cdeb</color><color>#6d967d</color><color>#2b362a</color></comb><comb><color>#000001</color><color>#009ab0</color><color>#82efee</color><color>#cfbca6</color><color>#128a08</color></comb><comb><color>#00070a</color><color>#294552</color><color>#597884</color><color>#acc4ce</color><color>#9eb9b3</color></comb><comb><color>#00787a</color><color>#94ebd8</color><color>#00b349</color><color>#007939</color><color>#003d34</color></comb><comb><color>#ffc501</color><color>#f9ddfc</color><color>#e38ed8</color><color>#da2b90</color><color>#44052c</color></comb><comb><color>#2d4a05</color><color>#738830</color><color>#fd742d</color><color>#dc0f0f</color><color>#5e0000</color></comb><comb><color>#f8f9fd</color><color>#00939c</color><color>#df8f46</color><color>#e2ceb3</color><color>#ff798a</color></comb><comb><color>#2d0000</color><color>#cec2cd</color><color>#de91c5</color><color>#e854a5</color><color>#8b0043</color></comb><comb><color>#f0bf30</color><color>#c568a2</color><color>#e1cdeb</color><color>#6d967d</color><color>#2b362a</color></comb><comb><color>#000001</color><color>#009ab0</color><color>#82efee</color><color>#cfbca6</color><color>#128a08</color></comb><comb><color>#00070a</color><color>#294552</color><color>#597884</color><color>#acc4ce</color><color>#9eb9b3</color></comb><comb><color>#00787a</color><color>#94ebd8</color><color>#00b349</color><color>#007939</color><color>#003d34</color></comb><comb><color>#ffc501</color><color>#f9ddfc</color><color>#e38ed8</color><color>#da2b90</color><color>#44052c</color></comb><comb><color>#2d4a05</color><color>#738830</color><color>#fd742d</color><color>#dc0f0f</color><color>#5e0000</color></comb><comb><color>#f8f9fd</color><color>#00939c</color><color>#df8f46</color><color>#e2ceb3</color><color>#ff798a</color></comb><comb><color>#2d0000</color><color>#cec2cd</color><color>#de91c5</color><color>#e854a5</color><color>#8b0043</color></comb><comb><color>#f0bf30</color><color>#c568a2</color><color>#e1cdeb</color><color>#6d967d</color><color>#2b362a</color></comb><comb><color>#000001</color><color>#009ab0</color><color>#82efee</color><color>#cfbca6</color><color>#128a08</color></comb><comb><color>#00070a</color><color>#294552</color><color>#597884</color><color>#acc4ce</color><color>#9eb9b3</color></comb><comb><color>#00787a</color><color>#94ebd8</color><color>#00b349</color><color>#007939</color><color>#003d34</color></comb><comb><color>#ffc501</color><color>#f9ddfc</color><color>#e38ed8</color><color>#da2b90</color><color>#44052c</color></comb><comb><color>#2d4a05</color><color>#738830</color><color>#fd742d</color><color>#dc0f0f</color><color>#5e0000</color></comb><comb><color>#f8f9fd</color><color>#00939c</color><color>#df8f46</color><color>#e2ceb3</color><color>#ff798a</color></comb><comb><color>#2d0000</color><color>#cec2cd</color><color>#de91c5</color><color>#e854a5</color><color>#8b0043</color></comb><comb><color>#f0bf30</color><color>#c568a2</color><color>#e1cdeb</color><color>#6d967d</color><color>#2b362a</color></comb><comb><color>#000001</color><color>#009ab0</color><color>#82efee</color><color>#cfbca6</color><color>#128a08</color></comb><comb><color>#00070a</color><color>#294552</color><color>#597884</color><color>#acc4ce</color><color>#9eb9b3</color></comb><comb><color>#00787a</color><color>#94ebd8</color><color>#00b349</color><color>#007939</color><color>#003d34</color></comb><comb><color>#ffc501</color><color>#f9ddfc</color><color>#e38ed8</color><color>#da2b90</color><color>#44052c</color></comb><comb><color>#2d4a05</color><color>#738830</color><color>#fd742d</color><color>#dc0f0f</color><color>#5e0000</color></comb><comb><color>#f8f9fd</color><color>#00939c</color><color>#df8f46</color><color>#e2ceb3</color><color>#ff798a</color></comb><comb><color>#2d0000</color><color>#cec2cd</color><color>#de91c5</color><color>#e854a5</color><color>#8b0043</color></comb><comb><color>#f0bf30</color><color>#c568a2</color><color>#e1cdeb</color><color>#6d967d</color><color>#2b362a</color></comb><comb><color>#000001</color><color>#009ab0</color><color>#82efee</color><color>#cfbca6</color><color>#128a08</color></comb><comb><color>#00070a</color><color>#294552</color><color>#597884</color><color>#acc4ce</color><color>#9eb9b3</color></comb><comb><color>#00787a</color><color>#94ebd8</color><color>#00b349</color><color>#007939</color><color>#003d34</color></comb><comb><color>#ffc501</color><color>#f9ddfc</color><color>#e38ed8</color><color>#da2b90</color><color>#44052c</color></comb><comb><color>#2d4a05</color><color>#738830</color><color>#fd742d</color><color>#dc0f0f</color><color>#5e0000</color></comb><comb><color>#f8f9fd</color><color>#00939c</color><color>#df8f46</color><color>#e2ceb3</color><color>#ff798a</color></comb><comb><color>#2d0000</color><color>#cec2cd</color><color>#de91c5</color><color>#e854a5</color><color>#8b0043</color></comb><comb><color>#f0bf30</color><color>#c568a2</color><color>#e1cdeb</color><color>#6d967d</color><color>#2b362a</color></comb><comb><color>#000001</color><color>#009ab0</color><color>#82efee</color><color>#cfbca6</color><color>#128a08</color></comb><comb><color>#00070a</color><color>#294552</color><color>#597884</color><color>#acc4ce</color><color>#9eb9b3</color></comb><comb><color>#00787a</color><color>#94ebd8</color><color>#00b349</color><color>#007939</color><color>#003d34</color></comb><comb><color>#ffc501</color><color>#f9ddfc</color><color>#e38ed8</color><color>#da2b90</color><color>#44052c</color></comb><comb><color>#2d4a05</color><color>#738830</color><color>#fd742d</color><color>#dc0f0f</color><color>#5e0000</color></comb><comb><color>#f8f9fd</color><color>#00939c</color><color>#df8f46</color><color>#e2ceb3</color><color>#ff798a</color></comb><comb><color>#2d0000</color><color>#cec2cd</color><color>#de91c5</color><color>#e854a5</color><color>#8b0043</color></comb><comb><color>#f0bf30</color><color>#c568a2</color><color>#e1cdeb</color><color>#6d967d</color><color>#2b362a</color></comb><comb><color>#000001</color><color>#009ab0</color><color>#82efee</color><color>#cfbca6</color><color>#128a08</color></comb><comb><color>#00070a</color><color>#294552</color><color>#597884</color><color>#acc4ce</color><color>#9eb9b3</color></comb><comb><color>#00787a</color><color>#94ebd8</color><color>#00b349</color><color>#007939</color><color>#003d34</color></comb><comb><color>#ffc501</color><color>#f9ddfc</color><color>#e38ed8</color><color>#da2b90</color><color>#44052c</color></comb><comb><color>#2d4a05</color><color>#738830</color><color>#fd742d</color><color>#dc0f0f</color><color>#5e0000</color></comb><comb><color>#f8f9fd</color><color>#00939c</color><color>#df8f46</color><color>#e2ceb3</color><color>#ff798a</color></comb><comb><color>#2d0000</color><color>#cec2cd</color><color>#de91c5</color><color>#e854a5</color><color>#8b0043</color></comb><comb><color>#f0bf30</color><color>#c568a2</color><color>#e1cdeb</color><color>#6d967d</color><color>#2b362a</color></comb><comb><color>#000001</color><color>#009ab0</color><color>#82efee</color><color>#cfbca6</color><color>#128a08</color></comb><comb><color>#00070a</color><color>#294552</color><color>#597884</color><color>#acc4ce</color><color>#9eb9b3</color></comb><comb><color>#00787a</color><color>#94ebd8</color><color>#00b349</color><color>#007939</color><color>#003d34</color></comb><comb><color>#ffc501</color><color>#f9ddfc</color><color>#e38ed8</color><color>#da2b90</color><color>#44052c</color></comb><comb><color>#2d4a05</color><color>#738830</color><color>#fd742d</color><color>#dc0f0f</color><color>#5e0000</color></comb><comb><color>#f8f9fd</color><color>#00939c</color><color>#df8f46</color><color>#e2ceb3</color><color>#ff798a</color></comb><comb><color>#2d0000</color><color>#cec2cd</color><color>#de91c5</color><color>#e854a5</color><color>#8b0043</color></comb><comb><color>#f0bf30</color><color>#c568a2</color><color>#e1cdeb</color><color>#6d967d</color><color>#2b362a</color></comb><comb><color>#000001</color><color>#009ab0</color><color>#82efee</color><color>#cfbca6</color><color>#128a08</color></comb><comb><color>#00070a</color><color>#294552</color><color>#597884</color><color>#acc4ce</color><color>#9eb9b3</color></comb><comb><color>#00787a</color><color>#94ebd8</color><color>#00b349</color><color>#007939</color><color>#003d34</color></comb><comb><color>#ffc501</color><color>#f9ddfc</color><color>#e38ed8</color><color>#da2b90</color><color>#44052c</color></comb><comb><color>#2d4a05</color><color>#738830</color><color>#fd742d</color><color>#dc0f0f</color><color>#5e0000</color></comb><comb><color>#f8f9fd</color><color>#00939c</color><color>#df8f46</color><color>#e2ceb3</color><color>#ff798a</color></comb><comb><color>#2d0000</color><color>#cec2cd</color><color>#de91c5</color><color>#e854a5</color><color>#8b0043</color></comb><comb><color>#f0bf30</color><color>#c568a2</color><color>#e1cdeb</color><color>#6d967d</color><color>#2b362a</color></comb><comb><color>#000001</color><color>#009ab0</color><color>#82efee</color><color>#cfbca6</color><color>#128a08</color></comb><comb><color>#00070a</color><color>#294552</color><color>#597884</color><color>#acc4ce</color><color>#9eb9b3</color></comb><comb><color>#00787a</color><color>#94ebd8</color><color>#00b349</color><color>#007939</color><color>#003d34</color></comb><comb><color>#ffc501</color><color>#f9ddfc</color><color>#e38ed8</color><color>#da2b90</color><color>#44052c</color></comb><comb><color>#2d4a05</color><color>#738830</color><color>#fd742d</color><color>#dc0f0f</color><color>#5e0000</color></comb><comb><color>#f8f9fd</color><color>#00939c</color><color>#df8f46</color><color>#e2ceb3</color><color>#ff798a</color></comb><comb><color>#2d0000</color><color>#cec2cd</color><color>#de91c5</color><color>#e854a5</color><color>#8b0043</color></comb></root>