<root><comb><color>#9DC8C8</color><color>#58C9B9</color><color>#519D9E</color><color>#D1B6E1</color></comb><comb><color>#FFEEE4</color><color>#F17F42</color><color>#CE6D39</color><color>#000000</color></comb><comb><color>#30A9DE</color><color>#EFDC05</color><color>#E53A40</color><color>#090707</color></comb><comb><color>#A593E0</color><color>#E0E3DA</color><color>#FFFFF3</color><color>#566270</color></comb><comb><color>#F6B352</color><color>#F68657</color><color>#383A3F</color><color>#1F2124</color></comb><comb><color>#D7FFF1</color><color>#8CD790</color><color>#77AF9C</color><color>#285943</color></comb><comb><color>#D499B9</color><color>#9055A2</color><color>#2E294E</color><color>#011638</color></comb><comb><color>#FBFFB9</color><color>#FDD692</color><color>#EC7357</color><color>#754F44</color></comb><comb><color>#C5E99B</color><color>#8FBC94</color><color>#548687</color><color>#56445D</color></comb><comb><color>#E71D36</color><color>#2EC4B6</color><color>#EFFFE9</color><color>#011627</color></comb><comb><color>#DE6449</color><color>#791E94</color><color>#FFFFF2</color><color>#41D3BD</color></comb><comb><color>#5CAB7D</color><color>#5A9367</color><color>#44633F</color><color>#3F4B3B</color></comb><comb><color>#FFBC42</color><color>#D81159</color><color>#8F2D56</color><color>#218380</color></comb><comb><color>#E3E36A</color><color>#C16200</color><color>#881600</color><color>#49010F</color></comb><comb><color>#379392</color><color>#4FB0C6</color><color>#4F86C6</color><color>#6C49B8</color></comb><comb><color>#67D5B5</color><color>#EE7785</color><color>#C89EC4</color><color>#84B1ED</color></comb><comb><color>#F16B6F</color><color>#C5C6B6</color><color>#AACD6E</color><color>#3C3530</color></comb><comb><color>#77AAAD</color><color>#6E7783</color><color>#D8E6E7</color><color>#9DC3C1</color></comb><comb><color>#AF4034</color><color>#3E4348</color><color>#C65146</color><color>#EC6A5C</color></comb><comb><color>#F7AA97</color><color>#ED9282</color><color>#DE7E73</color><color>#CFAA9E</color></comb><comb><color>#D4DFE6</color><color>#8EC0E4</color><color>#CADBE9</color><color>#6AAFE6</color></comb><comb><color>#D09E88</color><color>#FADAD8</color><color>#534847</color><color>#9B8281</color></comb><comb><color>#F0E5DE</color><color>#ABD0CE</color><color>#7C7877</color><color>#D9D4CF</color></comb><comb><color>#AAABD3</color><color>#CBA6C3</color><color>#F8FAFF</color><color>#353866</color></comb><comb><color>#75D701</color><color>#F8F8FF</color><color>#56A902</color><color>#3B4E32</color></comb><comb><color>#a5dff9</color><color>#ef5285</color><color>#60c5ba</color><color>#feee7d</color></comb><comb><color>#d6ecfa</color><color>#f15c5c</color><color>#b84a39</color><color>#6f3826</color></comb><comb><color>#f9c00c</color><color>#00b9f1</color><color>#7200da</color><color>#f9320c</color></comb><comb><color>#fab1ce</color><color>#f349eb</color><color>#f100e5</color><color>#71226e</color></comb><comb><color>#fab1ce</color><color>#ffbbd6</color><color>#f199bc</color><color>#99f19e</color></comb><comb><color>#f6ea8c</color><color>#f26d5b</color><color>#c03546</color><color>#492540</color></comb><comb><color>#a3a1a1</color><color>#e3dede</color><color>#8b8687</color><color>#333030</color></comb><comb><color>#282c37</color><color>#9baec8</color><color>#d9e1e8</color><color>#2b90d9</color></comb><comb><color>#a3c9c7</color><color>#cb7575</color><color>#ef9e9f</color><color>#353848</color></comb><comb><color>#a5d296</color><color>#8283a7</color><color>#54546c</color><color>#404146</color></comb><comb><color>#ff7473</color><color>#ffc952</color><color>#47b8e0</color><color>#34314c</color></comb><comb><color>#e1eef6</color><color>#ff5f2e</color><color>#fcbe32</color><color>#004e66</color></comb><comb><color>#f94e3f</color><color>#e77e4d</color><color>#e3632d</color><color>#6f2108</color></comb><comb><color>#fffff5</color><color>#ffda8e</color><color>#80d4f6</color><color>#5c196b</color></comb><comb><color>#7f9eb2</color><color>#77919d</color><color>#dae9f4</color><color>#274c5e</color></comb><comb><color>#ff7761</color><color>#fdc23e</color><color>#f9a11b</color><color>#274555</color></comb><comb><color>#fff1b9</color><color>#5e5e5f</color><color>#3f4040</color><color>#272625</color></comb><comb><color>#eb9f9f</color><color>#f1bbba</color><color>#f8ecc9</color><color>#a79c8e</color></comb><comb><color>#ede574</color><color>#f9d423</color><color>#fc913a</color><color>#ff4e50</color></comb><comb><color>#00dffc</color><color>#008c9e</color><color>#005f6b</color><color>#343838</color></comb><comb><color>#cbe86b</color><color>#1c140d</color><color>#f2e9e1</color><color>#cbe86b</color></comb><comb><color>#e94e77</color><color>#d68189</color><color>#c6a49a</color><color>#c6e5d9</color></comb><comb><color>#490a3d</color><color>#bd1550</color><color>#e97f02</color><color>#f8ca00</color></comb><comb><color>#cff09e</color><color>#a8dba8</color><color>#79bd9a</color><color>#3b8686</color></comb><comb><color>#fe4365</color><color>#fc9d9a</color><color>#f9cdad</color><color>#c8c8a9</color></comb><comb><color>#bf209f</color><color>#d62a9d</color><color>#ed317f</color><color>#d64072</color></comb><comb><color>#f4f7f7</color><color>#aacfd0</color><color>#79a8a9</color><color>#1f4e5f</color></comb><comb><color>#fec9c9</color><color>#ee6e9f</color><color>#6d9d88</color><color>#1a1a1a</color></comb><comb><color>#fffcf0</color><color>#dedcee</color><color>#6a60a9</color><color>#fbd14b</color></comb><comb><color>#cff0da</color><color>#88dba3</color><color>#dadbdb</color><color>#3ac569</color></comb><comb><color>#8c9184</color><color>#3a5134</color><color>#4f953b</color><color>#a7a7a2</color></comb><comb><color>#6d819c</color><color>#e4e7ec</color><color>#55967e</color><color>#263959</color></comb><comb><color>#45d9fd</color><color>#f4f4f4</color><color>#ee2560</color><color>#08182b</color></comb><comb><color>#f1404b</color><color>#dddfe6</color><color>#f4f5f9</color><color>#252c41</color></comb><comb><color>#a3daff</color><color>#1ec0ff</color><color>#0080ff</color><color>#03a6ff</color></comb><comb><color>#d3e0f7</color><color>#c72e45</color><color>#a6172d</color><color>#181842</color></comb><comb><color>#e85a71</color><color>#d8e9ef</color><color>#4ea1d3</color><color>#454552</color></comb><comb><color>#fec8c9</color><color>#fd999a</color><color>#444f59</color><color>#3e4149</color></comb><comb><color>#df405a</color><color>#87314e</color><color>#512645</color><color>#311e3e</color></comb><comb><color>#f0f5f9</color><color>#c9d6de</color><color>#52616a</color><color>#1e2022</color></comb></root>