<root><comb><color>#870a1f</color><color>#e7284a</color><color>#fd5c3d</color><color>#fe921f</color><color>#fec566</color></comb><comb><color>#201d2c</color><color>#807794</color><color>#b792b1</color><color>#a8738f</color><color>#744858</color></comb><comb><color>#000e17</color><color>#01415f</color><color>#53d1ee</color><color>#fed20c</color><color>#c37740</color></comb><comb><color>#ca0b03</color><color>#0272a2</color><color>#88cada</color><color>#d7c703</color><color>#9fc377</color></comb><comb><color>#030317</color><color>#315389</color><color>#00a4d0</color><color>#e7ef23</color><color>#f85200</color></comb><comb><color>#562524</color><color>#e02f90</color><color>#eda0cd</color><color>#c2d7e9</color><color>#857453</color></comb><comb><color>#cc70a3</color><color>#d7a9bd</color><color>#f0e5e7</color><color>#cdd2e6</color><color>#8dabd3</color></comb><comb><color>#96482b</color><color>#fda279</color><color>#e7ddc8</color><color>#878460</color><color>#666966</color></comb><comb><color>#843d3b</color><color>#bd787d</color><color>#e0acbe</color><color>#ded1dc</color><color>#8f8383</color></comb><comb><color>#232e27</color><color>#576b4e</color><color>#8c9c09</color><color>#e2e6e4</color><color>#8db4c6</color></comb><comb><color>#4f0040</color><color>#a4019b</color><color>#fdb7fd</color><color>#410006</color><color>#d3ce30</color></comb><comb><color>#8e59b4</color><color>#c7b7ea</color><color>#ecedfc</color><color>#d3b8c7</color><color>#8e617d</color></comb><comb><color>#8b869c</color><color>#e7d3e0</color><color>#dbe2e9</color><color>#8d7959</color><color>#91ab21</color></comb><comb><color>#112102</color><color>#446a12</color><color>#83bd1a</color><color>#b2d649</color><color>#bdd986</color></comb><comb><color>#60246a</color><color>#c07ad2</color><color>#ecebe7</color><color>#a5b367</color><color>#58b4e3</color></comb><comb><color>#6e1e8b</color><color>#b285d4</color><color>#e7e4f9</color><color>#5f8f01</color><color>#0d3d25</color></comb><comb><color>#370560</color><color>#9d5ce6</color><color>#c4a6f7</color><color>#edf1c5</color><color>#5443c1</color></comb><comb><color>#0b0c0c</color><color>#46495a</color><color>#d0cee0</color><color>#fbe134</color><color>#a48321</color></comb><comb><color>#133954</color><color>#628290</color><color>#468902</color><color>#b1de00</color><color>#000000</color></comb><comb><color>#8a6b0e</color><color>#9a9a00</color><color>#fdf06d</color><color>#31919d</color><color>#0a585e</color></comb><comb><color>#41070d</color><color>#d83332</color><color>#f67e79</color><color>#fde4e2</color><color>#c6eaed</color></comb><comb><color>#37375e</color><color>#356288</color><color>#aacfdd</color><color>#fe875d</color><color>#fe1100</color></comb><comb><color>#a18abd</color><color>#dcd5fa</color><color>#eeeeb1</color><color>#edd4ef</color><color>#faa4d9</color></comb><comb><color>#0f310c</color><color>#4a8e35</color><color>#b4b5aa</color><color>#f9f78d</color><color>#ede442</color></comb><comb><color>#25363e</color><color>#7e5535</color><color>#a2774c</color><color>#dcae56</color><color>#fbe8bd</color></comb><comb><color>#981736</color><color>#f93a7d</color><color>#e1e320</color><color>#494522</color><color>#272914</color></comb><comb><color>#c5b4a2</color><color>#eeded1</color><color>#d8d9dd</color><color>#5f717f</color><color>#1f82d3</color></comb><comb><color>#5e3d68</color><color>#74424d</color><color>#d17a67</color><color>#ffcca7</color><color>#d1ccd2</color></comb><comb><color>#0b2a00</color><color>#446e64</color><color>#ffffff</color><color>#898a84</color><color>#5a564a</color></comb><comb><color>#032a18</color><color>#669374</color><color>#cab7b3</color><color>#deb69d</color><color>#8f6b5f</color></comb><comb><color>#aa5d81</color><color>#dac2f6</color><color>#a6c529</color><color>#516a05</color><color>#0d2702</color></comb><comb><color>#5c3725</color><color>#d4a675</color><color>#e7d0be</color><color>#2d90ed</color><color>#002552</color></comb><comb><color>#ffffff</color><color>#0d6aa3</color><color>#a7bcb7</color><color>#af9175</color><color>#949a6e</color></comb><comb><color>#56030d</color><color>#aa000d</color><color>#ea0001</color><color>#ffffff</color><color>#cbc3c1</color></comb><comb><color>#939194</color><color>#b7ba47</color><color>#d9b287</color><color>#ffffff</color><color>#170e21</color></comb><comb><color>#ffdd00</color><color>#a1ba52</color><color>#bc8064</color><color>#dfc4b9</color><color>#ffffff</color></comb><comb /><comb /><comb /><comb /><comb><color>#f0bf30</color><color>#c568a2</color><color>#e1cdeb</color><color>#6d967d</color><color>#2b362a</color></comb><comb><color>#000001</color><color>#009ab0</color><color>#82efee</color><color>#cfbca6</color><color>#128a08</color></comb><comb><color>#00070a</color><color>#294552</color><color>#597884</color><color>#acc4ce</color><color>#9eb9b3</color></comb><comb><color>#00787a</color><color>#94ebd8</color><color>#00b349</color><color>#007939</color><color>#003d34</color></comb><comb><color>#ffc501</color><color>#f9ddfc</color><color>#e38ed8</color><color>#da2b90</color><color>#44052c</color></comb><comb><color>#2d4a05</color><color>#738830</color><color>#fd742d</color><color>#dc0f0f</color><color>#5e0000</color></comb><comb><color>#f8f9fd</color><color>#00939c</color><color>#df8f46</color><color>#e2ceb3</color><color>#ff798a</color></comb><comb><color>#2d0000</color><color>#cec2cd</color><color>#de91c5</color><color>#e854a5</color><color>#8b0043</color></comb><comb><color>#f0bf30</color><color>#c568a2</color><color>#e1cdeb</color><color>#6d967d</color><color>#2b362a</color></comb><comb><color>#000001</color><color>#009ab0</color><color>#82efee</color><color>#cfbca6</color><color>#128a08</color></comb><comb><color>#00070a</color><color>#294552</color><color>#597884</color><color>#acc4ce</color><color>#9eb9b3</color></comb><comb><color>#00787a</color><color>#94ebd8</color><color>#00b349</color><color>#007939</color><color>#003d34</color></comb><comb><color>#ffc501</color><color>#f9ddfc</color><color>#e38ed8</color><color>#da2b90</color><color>#44052c</color></comb><comb><color>#2d4a05</color><color>#738830</color><color>#fd742d</color><color>#dc0f0f</color><color>#5e0000</color></comb><comb><color>#f8f9fd</color><color>#00939c</color><color>#df8f46</color><color>#e2ceb3</color><color>#ff798a</color></comb><comb><color>#2d0000</color><color>#cec2cd</color><color>#de91c5</color><color>#e854a5</color><color>#8b0043</color></comb><comb><color>#f0bf30</color><color>#c568a2</color><color>#e1cdeb</color><color>#6d967d</color><color>#2b362a</color></comb><comb><color>#000001</color><color>#009ab0</color><color>#82efee</color><color>#cfbca6</color><color>#128a08</color></comb><comb><color>#00070a</color><color>#294552</color><color>#597884</color><color>#acc4ce</color><color>#9eb9b3</color></comb><comb><color>#00787a</color><color>#94ebd8</color><color>#00b349</color><color>#007939</color><color>#003d34</color></comb><comb><color>#ffc501</color><color>#f9ddfc</color><color>#e38ed8</color><color>#da2b90</color><color>#44052c</color></comb><comb><color>#2d4a05</color><color>#738830</color><color>#fd742d</color><color>#dc0f0f</color><color>#5e0000</color></comb><comb><color>#f8f9fd</color><color>#00939c</color><color>#df8f46</color><color>#e2ceb3</color><color>#ff798a</color></comb><comb><color>#2d0000</color><color>#cec2cd</color><color>#de91c5</color><color>#e854a5</color><color>#8b0043</color></comb><comb><color>#f0bf30</color><color>#c568a2</color><color>#e1cdeb</color><color>#6d967d</color><color>#2b362a</color></comb><comb><color>#000001</color><color>#009ab0</color><color>#82efee</color><color>#cfbca6</color><color>#128a08</color></comb><comb><color>#00070a</color><color>#294552</color><color>#597884</color><color>#acc4ce</color><color>#9eb9b3</color></comb><comb><color>#00787a</color><color>#94ebd8</color><color>#00b349</color><color>#007939</color><color>#003d34</color></comb><comb><color>#ffc501</color><color>#f9ddfc</color><color>#e38ed8</color><color>#da2b90</color><color>#44052c</color></comb><comb><color>#2d4a05</color><color>#738830</color><color>#fd742d</color><color>#dc0f0f</color><color>#5e0000</color></comb><comb><color>#f8f9fd</color><color>#00939c</color><color>#df8f46</color><color>#e2ceb3</color><color>#ff798a</color></comb><comb><color>#2d0000</color><color>#cec2cd</color><color>#de91c5</color><color>#e854a5</color><color>#8b0043</color></comb><comb><color>#f0bf30</color><color>#c568a2</color><color>#e1cdeb</color><color>#6d967d</color><color>#2b362a</color></comb><comb><color>#000001</color><color>#009ab0</color><color>#82efee</color><color>#cfbca6</color><color>#128a08</color></comb><comb><color>#00070a</color><color>#294552</color><color>#597884</color><color>#acc4ce</color><color>#9eb9b3</color></comb><comb><color>#00787a</color><color>#94ebd8</color><color>#00b349</color><color>#007939</color><color>#003d34</color></comb><comb><color>#ffc501</color><color>#f9ddfc</color><color>#e38ed8</color><color>#da2b90</color><color>#44052c</color></comb><comb><color>#2d4a05</color><color>#738830</color><color>#fd742d</color><color>#dc0f0f</color><color>#5e0000</color></comb><comb><color>#f8f9fd</color><color>#00939c</color><color>#df8f46</color><color>#e2ceb3</color><color>#ff798a</color></comb><comb><color>#2d0000</color><color>#cec2cd</color><color>#de91c5</color><color>#e854a5</color><color>#8b0043</color></comb><comb><color>#f0bf30</color><color>#c568a2</color><color>#e1cdeb</color><color>#6d967d</color><color>#2b362a</color></comb><comb><color>#000001</color><color>#009ab0</color><color>#82efee</color><color>#cfbca6</color><color>#128a08</color></comb><comb><color>#00070a</color><color>#294552</color><color>#597884</color><color>#acc4ce</color><color>#9eb9b3</color></comb><comb><color>#00787a</color><color>#94ebd8</color><color>#00b349</color><color>#007939</color><color>#003d34</color></comb><comb><color>#ffc501</color><color>#f9ddfc</color><color>#e38ed8</color><color>#da2b90</color><color>#44052c</color></comb><comb><color>#2d4a05</color><color>#738830</color><color>#fd742d</color><color>#dc0f0f</color><color>#5e0000</color></comb><comb><color>#f8f9fd</color><color>#00939c</color><color>#df8f46</color><color>#e2ceb3</color><color>#ff798a</color></comb><comb><color>#2d0000</color><color>#cec2cd</color><color>#de91c5</color><color>#e854a5</color><color>#8b0043</color></comb><comb><color>#f0bf30</color><color>#c568a2</color><color>#e1cdeb</color><color>#6d967d</color><color>#2b362a</color></comb><comb><color>#000001</color><color>#009ab0</color><color>#82efee</color><color>#cfbca6</color><color>#128a08</color></comb><comb><color>#00070a</color><color>#294552</color><color>#597884</color><color>#acc4ce</color><color>#9eb9b3</color></comb><comb><color>#00787a</color><color>#94ebd8</color><color>#00b349</color><color>#007939</color><color>#003d34</color></comb><comb><color>#ffc501</color><color>#f9ddfc</color><color>#e38ed8</color><color>#da2b90</color><color>#44052c</color></comb><comb><color>#2d4a05</color><color>#738830</color><color>#fd742d</color><color>#dc0f0f</color><color>#5e0000</color></comb><comb><color>#f8f9fd</color><color>#00939c</color><color>#df8f46</color><color>#e2ceb3</color><color>#ff798a</color></comb><comb><color>#2d0000</color><color>#cec2cd</color><color>#de91c5</color><color>#e854a5</color><color>#8b0043</color></comb><comb><color>#f0bf30</color><color>#c568a2</color><color>#e1cdeb</color><color>#6d967d</color><color>#2b362a</color></comb><comb><color>#000001</color><color>#009ab0</color><color>#82efee</color><color>#cfbca6</color><color>#128a08</color></comb><comb><color>#00070a</color><color>#294552</color><color>#597884</color><color>#acc4ce</color><color>#9eb9b3</color></comb><comb><color>#00787a</color><color>#94ebd8</color><color>#00b349</color><color>#007939</color><color>#003d34</color></comb><comb><color>#ffc501</color><color>#f9ddfc</color><color>#e38ed8</color><color>#da2b90</color><color>#44052c</color></comb><comb><color>#2d4a05</color><color>#738830</color><color>#fd742d</color><color>#dc0f0f</color><color>#5e0000</color></comb><comb><color>#f8f9fd</color><color>#00939c</color><color>#df8f46</color><color>#e2ceb3</color><color>#ff798a</color></comb><comb><color>#2d0000</color><color>#cec2cd</color><color>#de91c5</color><color>#e854a5</color><color>#8b0043</color></comb><comb><color>#f0bf30</color><color>#c568a2</color><color>#e1cdeb</color><color>#6d967d</color><color>#2b362a</color></comb><comb><color>#000001</color><color>#009ab0</color><color>#82efee</color><color>#cfbca6</color><color>#128a08</color></comb><comb><color>#00070a</color><color>#294552</color><color>#597884</color><color>#acc4ce</color><color>#9eb9b3</color></comb><comb><color>#00787a</color><color>#94ebd8</color><color>#00b349</color><color>#007939</color><color>#003d34</color></comb><comb><color>#ffc501</color><color>#f9ddfc</color><color>#e38ed8</color><color>#da2b90</color><color>#44052c</color></comb><comb><color>#2d4a05</color><color>#738830</color><color>#fd742d</color><color>#dc0f0f</color><color>#5e0000</color></comb><comb><color>#f8f9fd</color><color>#00939c</color><color>#df8f46</color><color>#e2ceb3</color><color>#ff798a</color></comb><comb><color>#2d0000</color><color>#cec2cd</color><color>#de91c5</color><color>#e854a5</color><color>#8b0043</color></comb><comb><color>#f0bf30</color><color>#c568a2</color><color>#e1cdeb</color><color>#6d967d</color><color>#2b362a</color></comb><comb><color>#000001</color><color>#009ab0</color><color>#82efee</color><color>#cfbca6</color><color>#128a08</color></comb><comb><color>#00070a</color><color>#294552</color><color>#597884</color><color>#acc4ce</color><color>#9eb9b3</color></comb><comb><color>#00787a</color><color>#94ebd8</color><color>#00b349</color><color>#007939</color><color>#003d34</color></comb><comb><color>#ffc501</color><color>#f9ddfc</color><color>#e38ed8</color><color>#da2b90</color><color>#44052c</color></comb><comb><color>#2d4a05</color><color>#738830</color><color>#fd742d</color><color>#dc0f0f</color><color>#5e0000</color></comb><comb><color>#f8f9fd</color><color>#00939c</color><color>#df8f46</color><color>#e2ceb3</color><color>#ff798a</color></comb><comb><color>#2d0000</color><color>#cec2cd</color><color>#de91c5</color><color>#e854a5</color><color>#8b0043</color></comb><comb><color>#f0bf30</color><color>#c568a2</color><color>#e1cdeb</color><color>#6d967d</color><color>#2b362a</color></comb><comb><color>#000001</color><color>#009ab0</color><color>#82efee</color><color>#cfbca6</color><color>#128a08</color></comb><comb><color>#00070a</color><color>#294552</color><color>#597884</color><color>#acc4ce</color><color>#9eb9b3</color></comb><comb><color>#00787a</color><color>#94ebd8</color><color>#00b349</color><color>#007939</color><color>#003d34</color></comb><comb><color>#ffc501</color><color>#f9ddfc</color><color>#e38ed8</color><color>#da2b90</color><color>#44052c</color></comb><comb><color>#2d4a05</color><color>#738830</color><color>#fd742d</color><color>#dc0f0f</color><color>#5e0000</color></comb><comb><color>#f8f9fd</color><color>#00939c</color><color>#df8f46</color><color>#e2ceb3</color><color>#ff798a</color></comb><comb><color>#2d0000</color><color>#cec2cd</color><color>#de91c5</color><color>#e854a5</color><color>#8b0043</color></comb><comb><color>#f0bf30</color><color>#c568a2</color><color>#e1cdeb</color><color>#6d967d</color><color>#2b362a</color></comb><comb><color>#000001</color><color>#009ab0</color><color>#82efee</color><color>#cfbca6</color><color>#128a08</color></comb><comb><color>#00070a</color><color>#294552</color><color>#597884</color><color>#acc4ce</color><color>#9eb9b3</color></comb><comb><color>#00787a</color><color>#94ebd8</color><color>#00b349</color><color>#007939</color><color>#003d34</color></comb><comb><color>#ffc501</color><color>#f9ddfc</color><color>#e38ed8</color><color>#da2b90</color><color>#44052c</color></comb><comb><color>#2d4a05</color><color>#738830</color><color>#fd742d</color><color>#dc0f0f</color><color>#5e0000</color></comb><comb><color>#f8f9fd</color><color>#00939c</color><color>#df8f46</color><color>#e2ceb3</color><color>#ff798a</color></comb><comb><color>#2d0000</color><color>#cec2cd</color><color>#de91c5</color><color>#e854a5</color><color>#8b0043</color></comb><comb><color>#f0bf30</color><color>#c568a2</color><color>#e1cdeb</color><color>#6d967d</color><color>#2b362a</color></comb><comb><color>#000001</color><color>#009ab0</color><color>#82efee</color><color>#cfbca6</color><color>#128a08</color></comb><comb><color>#00070a</color><color>#294552</color><color>#597884</color><color>#acc4ce</color><color>#9eb9b3</color></comb><comb><color>#00787a</color><color>#94ebd8</color><color>#00b349</color><color>#007939</color><color>#003d34</color></comb><comb><color>#ffc501</color><color>#f9ddfc</color><color>#e38ed8</color><color>#da2b90</color><color>#44052c</color></comb><comb><color>#2d4a05</color><color>#738830</color><color>#fd742d</color><color>#dc0f0f</color><color>#5e0000</color></comb><comb><color>#f8f9fd</color><color>#00939c</color><color>#df8f46</color><color>#e2ceb3</color><color>#ff798a</color></comb><comb><color>#2d0000</color><color>#cec2cd</color><color>#de91c5</color><color>#e854a5</color><color>#8b0043</color></comb><comb><color>#f0bf30</color><color>#c568a2</color><color>#e1cdeb</color><color>#6d967d</color><color>#2b362a</color></comb><comb><color>#000001</color><color>#009ab0</color><color>#82efee</color><color>#cfbca6</color><color>#128a08</color></comb><comb><color>#00070a</color><color>#294552</color><color>#597884</color><color>#acc4ce</color><color>#9eb9b3</color></comb><comb><color>#00787a</color><color>#94ebd8</color><color>#00b349</color><color>#007939</color><color>#003d34</color></comb><comb><color>#ffc501</color><color>#f9ddfc</color><color>#e38ed8</color><color>#da2b90</color><color>#44052c</color></comb><comb><color>#2d4a05</color><color>#738830</color><color>#fd742d</color><color>#dc0f0f</color><color>#5e0000</color></comb><comb><color>#f8f9fd</color><color>#00939c</color><color>#df8f46</color><color>#e2ceb3</color><color>#ff798a</color></comb><comb><color>#2d0000</color><color>#cec2cd</color><color>#de91c5</color><color>#e854a5</color><color>#8b0043</color></comb><comb><color>#f0bf30</color><color>#c568a2</color><color>#e1cdeb</color><color>#6d967d</color><color>#2b362a</color></comb><comb><color>#000001</color><color>#009ab0</color><color>#82efee</color><color>#cfbca6</color><color>#128a08</color></comb><comb><color>#00070a</color><color>#294552</color><color>#597884</color><color>#acc4ce</color><color>#9eb9b3</color></comb><comb><color>#00787a</color><color>#94ebd8</color><color>#00b349</color><color>#007939</color><color>#003d34</color></comb><comb><color>#ffc501</color><color>#f9ddfc</color><color>#e38ed8</color><color>#da2b90</color><color>#44052c</color></comb><comb><color>#2d4a05</color><color>#738830</color><color>#fd742d</color><color>#dc0f0f</color><color>#5e0000</color></comb><comb><color>#f8f9fd</color><color>#00939c</color><color>#df8f46</color><color>#e2ceb3</color><color>#ff798a</color></comb><comb><color>#2d0000</color><color>#cec2cd</color><color>#de91c5</color><color>#e854a5</color><color>#8b0043</color></comb><comb><color>#f0bf30</color><color>#c568a2</color><color>#e1cdeb</color><color>#6d967d</color><color>#2b362a</color></comb><comb><color>#000001</color><color>#009ab0</color><color>#82efee</color><color>#cfbca6</color><color>#128a08</color></comb><comb><color>#00070a</color><color>#294552</color><color>#597884</color><color>#acc4ce</color><color>#9eb9b3</color></comb><comb><color>#00787a</color><color>#94ebd8</color><color>#00b349</color><color>#007939</color><color>#003d34</color></comb><comb><color>#ffc501</color><color>#f9ddfc</color><color>#e38ed8</color><color>#da2b90</color><color>#44052c</color></comb><comb><color>#2d4a05</color><color>#738830</color><color>#fd742d</color><color>#dc0f0f</color><color>#5e0000</color></comb><comb><color>#f8f9fd</color><color>#00939c</color><color>#df8f46</color><color>#e2ceb3</color><color>#ff798a</color></comb><comb><color>#2d0000</color><color>#cec2cd</color><color>#de91c5</color><color>#e854a5</color><color>#8b0043</color></comb><comb><color>#f0bf30</color><color>#c568a2</color><color>#e1cdeb</color><color>#6d967d</color><color>#2b362a</color></comb><comb><color>#000001</color><color>#009ab0</color><color>#82efee</color><color>#cfbca6</color><color>#128a08</color></comb><comb><color>#00070a</color><color>#294552</color><color>#597884</color><color>#acc4ce</color><color>#9eb9b3</color></comb><comb><color>#00787a</color><color>#94ebd8</color><color>#00b349</color><color>#007939</color><color>#003d34</color></comb><comb><color>#ffc501</color><color>#f9ddfc</color><color>#e38ed8</color><color>#da2b90</color><color>#44052c</color></comb><comb><color>#2d4a05</color><color>#738830</color><color>#fd742d</color><color>#dc0f0f</color><color>#5e0000</color></comb><comb><color>#f8f9fd</color><color>#00939c</color><color>#df8f46</color><color>#e2ceb3</color><color>#ff798a</color></comb><comb><color>#2d0000</color><color>#cec2cd</color><color>#de91c5</color><color>#e854a5</color><color>#8b0043</color></comb><comb><color>#f0bf30</color><color>#c568a2</color><color>#e1cdeb</color><color>#6d967d</color><color>#2b362a</color></comb><comb><color>#000001</color><color>#009ab0</color><color>#82efee</color><color>#cfbca6</color><color>#128a08</color></comb><comb><color>#00070a</color><color>#294552</color><color>#597884</color><color>#acc4ce</color><color>#9eb9b3</color></comb><comb><color>#00787a</color><color>#94ebd8</color><color>#00b349</color><color>#007939</color><color>#003d34</color></comb><comb><color>#ffc501</color><color>#f9ddfc</color><color>#e38ed8</color><color>#da2b90</color><color>#44052c</color></comb><comb><color>#2d4a05</color><color>#738830</color><color>#fd742d</color><color>#dc0f0f</color><color>#5e0000</color></comb><comb><color>#f8f9fd</color><color>#00939c</color><color>#df8f46</color><color>#e2ceb3</color><color>#ff798a</color></comb><comb><color>#2d0000</color><color>#cec2cd</color><color>#de91c5</color><color>#e854a5</color><color>#8b0043</color></comb><comb><color>#f0bf30</color><color>#c568a2</color><color>#e1cdeb</color><color>#6d967d</color><color>#2b362a</color></comb><comb><color>#000001</color><color>#009ab0</color><color>#82efee</color><color>#cfbca6</color><color>#128a08</color></comb><comb><color>#00070a</color><color>#294552</color><color>#597884</color><color>#acc4ce</color><color>#9eb9b3</color></comb><comb><color>#00787a</color><color>#94ebd8</color><color>#00b349</color><color>#007939</color><color>#003d34</color></comb><comb><color>#ffc501</color><color>#f9ddfc</color><color>#e38ed8</color><color>#da2b90</color><color>#44052c</color></comb><comb><color>#2d4a05</color><color>#738830</color><color>#fd742d</color><color>#dc0f0f</color><color>#5e0000</color></comb><comb><color>#f8f9fd</color><color>#00939c</color><color>#df8f46</color><color>#e2ceb3</color><color>#ff798a</color></comb><comb><color>#2d0000</color><color>#cec2cd</color><color>#de91c5</color><color>#e854a5</color><color>#8b0043</color></comb><comb><color>#f0bf30</color><color>#c568a2</color><color>#e1cdeb</color><color>#6d967d</color><color>#2b362a</color></comb><comb><color>#000001</color><color>#009ab0</color><color>#82efee</color><color>#cfbca6</color><color>#128a08</color></comb><comb><color>#00070a</color><color>#294552</color><color>#597884</color><color>#acc4ce</color><color>#9eb9b3</color></comb><comb><color>#00787a</color><color>#94ebd8</color><color>#00b349</color><color>#007939</color><color>#003d34</color></comb><comb><color>#ffc501</color><color>#f9ddfc</color><color>#e38ed8</color><color>#da2b90</color><color>#44052c</color></comb><comb><color>#2d4a05</color><color>#738830</color><color>#fd742d</color><color>#dc0f0f</color><color>#5e0000</color></comb><comb><color>#f8f9fd</color><color>#00939c</color><color>#df8f46</color><color>#e2ceb3</color><color>#ff798a</color></comb><comb><color>#2d0000</color><color>#cec2cd</color><color>#de91c5</color><color>#e854a5</color><color>#8b0043</color></comb><comb><color>#f0bf30</color><color>#c568a2</color><color>#e1cdeb</color><color>#6d967d</color><color>#2b362a</color></comb><comb><color>#000001</color><color>#009ab0</color><color>#82efee</color><color>#cfbca6</color><color>#128a08</color></comb><comb><color>#00070a</color><color>#294552</color><color>#597884</color><color>#acc4ce</color><color>#9eb9b3</color></comb><comb><color>#00787a</color><color>#94ebd8</color><color>#00b349</color><color>#007939</color><color>#003d34</color></comb><comb><color>#ffc501</color><color>#f9ddfc</color><color>#e38ed8</color><color>#da2b90</color><color>#44052c</color></comb><comb><color>#2d4a05</color><color>#738830</color><color>#fd742d</color><color>#dc0f0f</color><color>#5e0000</color></comb><comb><color>#f8f9fd</color><color>#00939c</color><color>#df8f46</color><color>#e2ceb3</color><color>#ff798a</color></comb><comb><color>#2d0000</color><color>#cec2cd</color><color>#de91c5</color><color>#e854a5</color><color>#8b0043</color></comb><comb><color>#f0bf30</color><color>#c568a2</color><color>#e1cdeb</color><color>#6d967d</color><color>#2b362a</color></comb><comb><color>#000001</color><color>#009ab0</color><color>#82efee</color><color>#cfbca6</color><color>#128a08</color></comb><comb><color>#00070a</color><color>#294552</color><color>#597884</color><color>#acc4ce</color><color>#9eb9b3</color></comb><comb><color>#00787a</color><color>#94ebd8</color><color>#00b349</color><color>#007939</color><color>#003d34</color></comb><comb><color>#ffc501</color><color>#f9ddfc</color><color>#e38ed8</color><color>#da2b90</color><color>#44052c</color></comb><comb><color>#2d4a05</color><color>#738830</color><color>#fd742d</color><color>#dc0f0f</color><color>#5e0000</color></comb><comb><color>#f8f9fd</color><color>#00939c</color><color>#df8f46</color><color>#e2ceb3</color><color>#ff798a</color></comb><comb><color>#2d0000</color><color>#cec2cd</color><color>#de91c5</color><color>#e854a5</color><color>#8b0043</color></comb><comb><color>#f0bf30</color><color>#c568a2</color><color>#e1cdeb</color><color>#6d967d</color><color>#2b362a</color></comb><comb><color>#000001</color><color>#009ab0</color><color>#82efee</color><color>#cfbca6</color><color>#128a08</color></comb><comb><color>#00070a</color><color>#294552</color><color>#597884</color><color>#acc4ce</color><color>#9eb9b3</color></comb><comb><color>#00787a</color><color>#94ebd8</color><color>#00b349</color><color>#007939</color><color>#003d34</color></comb><comb><color>#ffc501</color><color>#f9ddfc</color><color>#e38ed8</color><color>#da2b90</color><color>#44052c</color></comb><comb><color>#2d4a05</color><color>#738830</color><color>#fd742d</color><color>#dc0f0f</color><color>#5e0000</color></comb><comb><color>#f8f9fd</color><color>#00939c</color><color>#df8f46</color><color>#e2ceb3</color><color>#ff798a</color></comb><comb><color>#2d0000</color><color>#cec2cd</color><color>#de91c5</color><color>#e854a5</color><color>#8b0043</color></comb><comb><color>#f0bf30</color><color>#c568a2</color><color>#e1cdeb</color><color>#6d967d</color><color>#2b362a</color></comb><comb><color>#000001</color><color>#009ab0</color><color>#82efee</color><color>#cfbca6</color><color>#128a08</color></comb><comb><color>#00070a</color><color>#294552</color><color>#597884</color><color>#acc4ce</color><color>#9eb9b3</color></comb><comb><color>#00787a</color><color>#94ebd8</color><color>#00b349</color><color>#007939</color><color>#003d34</color></comb><comb><color>#ffc501</color><color>#f9ddfc</color><color>#e38ed8</color><color>#da2b90</color><color>#44052c</color></comb><comb><color>#2d4a05</color><color>#738830</color><color>#fd742d</color><color>#dc0f0f</color><color>#5e0000</color></comb><comb><color>#f8f9fd</color><color>#00939c</color><color>#df8f46</color><color>#e2ceb3</color><color>#ff798a</color></comb><comb><color>#2d0000</color><color>#cec2cd</color><color>#de91c5</color><color>#e854a5</color><color>#8b0043</color></comb><comb><color>#f0bf30</color><color>#c568a2</color><color>#e1cdeb</color><color>#6d967d</color><color>#2b362a</color></comb><comb><color>#000001</color><color>#009ab0</color><color>#82efee</color><color>#cfbca6</color><color>#128a08</color></comb><comb><color>#00070a</color><color>#294552</color><color>#597884</color><color>#acc4ce</color><color>#9eb9b3</color></comb><comb><color>#00787a</color><color>#94ebd8</color><color>#00b349</color><color>#007939</color><color>#003d34</color></comb><comb><color>#ffc501</color><color>#f9ddfc</color><color>#e38ed8</color><color>#da2b90</color><color>#44052c</color></comb><comb><color>#2d4a05</color><color>#738830</color><color>#fd742d</color><color>#dc0f0f</color><color>#5e0000</color></comb><comb><color>#f8f9fd</color><color>#00939c</color><color>#df8f46</color><color>#e2ceb3</color><color>#ff798a</color></comb><comb><color>#2d0000</color><color>#cec2cd</color><color>#de91c5</color><color>#e854a5</color><color>#8b0043</color></comb><comb><color>#f0bf30</color><color>#c568a2</color><color>#e1cdeb</color><color>#6d967d</color><color>#2b362a</color></comb><comb><color>#000001</color><color>#009ab0</color><color>#82efee</color><color>#cfbca6</color><color>#128a08</color></comb><comb><color>#00070a</color><color>#294552</color><color>#597884</color><color>#acc4ce</color><color>#9eb9b3</color></comb><comb><color>#00787a</color><color>#94ebd8</color><color>#00b349</color><color>#007939</color><color>#003d34</color></comb><comb><color>#ffc501</color><color>#f9ddfc</color><color>#e38ed8</color><color>#da2b90</color><color>#44052c</color></comb><comb><color>#2d4a05</color><color>#738830</color><color>#fd742d</color><color>#dc0f0f</color><color>#5e0000</color></comb><comb><color>#f8f9fd</color><color>#00939c</color><color>#df8f46</color><color>#e2ceb3</color><color>#ff798a</color></comb><comb><color>#2d0000</color><color>#cec2cd</color><color>#de91c5</color><color>#e854a5</color><color>#8b0043</color></comb><comb><color>#f0bf30</color><color>#c568a2</color><color>#e1cdeb</color><color>#6d967d</color><color>#2b362a</color></comb><comb><color>#000001</color><color>#009ab0</color><color>#82efee</color><color>#cfbca6</color><color>#128a08</color></comb><comb><color>#00070a</color><color>#294552</color><color>#597884</color><color>#acc4ce</color><color>#9eb9b3</color></comb><comb><color>#00787a</color><color>#94ebd8</color><color>#00b349</color><color>#007939</color><color>#003d34</color></comb><comb><color>#ffc501</color><color>#f9ddfc</color><color>#e38ed8</color><color>#da2b90</color><color>#44052c</color></comb><comb><color>#2d4a05</color><color>#738830</color><color>#fd742d</color><color>#dc0f0f</color><color>#5e0000</color></comb><comb><color>#f8f9fd</color><color>#00939c</color><color>#df8f46</color><color>#e2ceb3</color><color>#ff798a</color></comb><comb><color>#2d0000</color><color>#cec2cd</color><color>#de91c5</color><color>#e854a5</color><color>#8b0043</color></comb><comb><color>#f0bf30</color><color>#c568a2</color><color>#e1cdeb</color><color>#6d967d</color><color>#2b362a</color></comb><comb><color>#000001</color><color>#009ab0</color><color>#82efee</color><color>#cfbca6</color><color>#128a08</color></comb><comb><color>#00070a</color><color>#294552</color><color>#597884</color><color>#acc4ce</color><color>#9eb9b3</color></comb><comb><color>#00787a</color><color>#94ebd8</color><color>#00b349</color><color>#007939</color><color>#003d34</color></comb><comb><color>#ffc501</color><color>#f9ddfc</color><color>#e38ed8</color><color>#da2b90</color><color>#44052c</color></comb><comb><color>#2d4a05</color><color>#738830</color><color>#fd742d</color><color>#dc0f0f</color><color>#5e0000</color></comb><comb><color>#f8f9fd</color><color>#00939c</color><color>#df8f46</color><color>#e2ceb3</color><color>#ff798a</color></comb><comb><color>#2d0000</color><color>#cec2cd</color><color>#de91c5</color><color>#e854a5</color><color>#8b0043</color></comb><comb><color>#f0bf30</color><color>#c568a2</color><color>#e1cdeb</color><color>#6d967d</color><color>#2b362a</color></comb><comb><color>#000001</color><color>#009ab0</color><color>#82efee</color><color>#cfbca6</color><color>#128a08</color></comb><comb><color>#00070a</color><color>#294552</color><color>#597884</color><color>#acc4ce</color><color>#9eb9b3</color></comb><comb><color>#00787a</color><color>#94ebd8</color><color>#00b349</color><color>#007939</color><color>#003d34</color></comb><comb><color>#ffc501</color><color>#f9ddfc</color><color>#e38ed8</color><color>#da2b90</color><color>#44052c</color></comb><comb><color>#2d4a05</color><color>#738830</color><color>#fd742d</color><color>#dc0f0f</color><color>#5e0000</color></comb><comb><color>#f8f9fd</color><color>#00939c</color><color>#df8f46</color><color>#e2ceb3</color><color>#ff798a</color></comb><comb><color>#2d0000</color><color>#cec2cd</color><color>#de91c5</color><color>#e854a5</color><color>#8b0043</color></comb><comb><color>#f0bf30</color><color>#c568a2</color><color>#e1cdeb</color><color>#6d967d</color><color>#2b362a</color></comb><comb><color>#000001</color><color>#009ab0</color><color>#82efee</color><color>#cfbca6</color><color>#128a08</color></comb><comb><color>#00070a</color><color>#294552</color><color>#597884</color><color>#acc4ce</color><color>#9eb9b3</color></comb><comb><color>#00787a</color><color>#94ebd8</color><color>#00b349</color><color>#007939</color><color>#003d34</color></comb><comb><color>#ffc501</color><color>#f9ddfc</color><color>#e38ed8</color><color>#da2b90</color><color>#44052c</color></comb><comb><color>#2d4a05</color><color>#738830</color><color>#fd742d</color><color>#dc0f0f</color><color>#5e0000</color></comb><comb><color>#f8f9fd</color><color>#00939c</color><color>#df8f46</color><color>#e2ceb3</color><color>#ff798a</color></comb><comb><color>#2d0000</color><color>#cec2cd</color><color>#de91c5</color><color>#e854a5</color><color>#8b0043</color></comb><comb><color>#f0bf30</color><color>#c568a2</color><color>#e1cdeb</color><color>#6d967d</color><color>#2b362a</color></comb><comb><color>#000001</color><color>#009ab0</color><color>#82efee</color><color>#cfbca6</color><color>#128a08</color></comb><comb><color>#00070a</color><color>#294552</color><color>#597884</color><color>#acc4ce</color><color>#9eb9b3</color></comb><comb><color>#00787a</color><color>#94ebd8</color><color>#00b349</color><color>#007939</color><color>#003d34</color></comb><comb><color>#ffc501</color><color>#f9ddfc</color><color>#e38ed8</color><color>#da2b90</color><color>#44052c</color></comb><comb><color>#2d4a05</color><color>#738830</color><color>#fd742d</color><color>#dc0f0f</color><color>#5e0000</color></comb><comb><color>#f8f9fd</color><color>#00939c</color><color>#df8f46</color><color>#e2ceb3</color><color>#ff798a</color></comb><comb><color>#2d0000</color><color>#cec2cd</color><color>#de91c5</color><color>#e854a5</color><color>#8b0043</color></comb><comb><color>#f0bf30</color><color>#c568a2</color><color>#e1cdeb</color><color>#6d967d</color><color>#2b362a</color></comb><comb><color>#000001</color><color>#009ab0</color><color>#82efee</color><color>#cfbca6</color><color>#128a08</color></comb><comb><color>#00070a</color><color>#294552</color><color>#597884</color><color>#acc4ce</color><color>#9eb9b3</color></comb><comb><color>#00787a</color><color>#94ebd8</color><color>#00b349</color><color>#007939</color><color>#003d34</color></comb><comb><color>#ffc501</color><color>#f9ddfc</color><color>#e38ed8</color><color>#da2b90</color><color>#44052c</color></comb><comb><color>#2d4a05</color><color>#738830</color><color>#fd742d</color><color>#dc0f0f</color><color>#5e0000</color></comb><comb><color>#f8f9fd</color><color>#00939c</color><color>#df8f46</color><color>#e2ceb3</color><color>#ff798a</color></comb><comb><color>#2d0000</color><color>#cec2cd</color><color>#de91c5</color><color>#e854a5</color><color>#8b0043</color></comb><comb><color>#f0bf30</color><color>#c568a2</color><color>#e1cdeb</color><color>#6d967d</color><color>#2b362a</color></comb><comb><color>#000001</color><color>#009ab0</color><color>#82efee</color><color>#cfbca6</color><color>#128a08</color></comb><comb><color>#00070a</color><color>#294552</color><color>#597884</color><color>#acc4ce</color><color>#9eb9b3</color></comb><comb><color>#00787a</color><color>#94ebd8</color><color>#00b349</color><color>#007939</color><color>#003d34</color></comb><comb><color>#ffc501</color><color>#f9ddfc</color><color>#e38ed8</color><color>#da2b90</color><color>#44052c</color></comb><comb><color>#2d4a05</color><color>#738830</color><color>#fd742d</color><color>#dc0f0f</color><color>#5e0000</color></comb><comb><color>#f8f9fd</color><color>#00939c</color><color>#df8f46</color><color>#e2ceb3</color><color>#ff798a</color></comb><comb><color>#2d0000</color><color>#cec2cd</color><color>#de91c5</color><color>#e854a5</color><color>#8b0043</color></comb><comb><color>#f0bf30</color><color>#c568a2</color><color>#e1cdeb</color><color>#6d967d</color><color>#2b362a</color></comb><comb><color>#000001</color><color>#009ab0</color><color>#82efee</color><color>#cfbca6</color><color>#128a08</color></comb><comb><color>#00070a</color><color>#294552</color><color>#597884</color><color>#acc4ce</color><color>#9eb9b3</color></comb><comb><color>#00787a</color><color>#94ebd8</color><color>#00b349</color><color>#007939</color><color>#003d34</color></comb><comb><color>#ffc501</color><color>#f9ddfc</color><color>#e38ed8</color><color>#da2b90</color><color>#44052c</color></comb><comb><color>#2d4a05</color><color>#738830</color><color>#fd742d</color><color>#dc0f0f</color><color>#5e0000</color></comb><comb><color>#f8f9fd</color><color>#00939c</color><color>#df8f46</color><color>#e2ceb3</color><color>#ff798a</color></comb><comb><color>#2d0000</color><color>#cec2cd</color><color>#de91c5</color><color>#e854a5</color><color>#8b0043</color></comb><comb><color>#f0bf30</color><color>#c568a2</color><color>#e1cdeb</color><color>#6d967d</color><color>#2b362a</color></comb><comb><color>#000001</color><color>#009ab0</color><color>#82efee</color><color>#cfbca6</color><color>#128a08</color></comb><comb><color>#00070a</color><color>#294552</color><color>#597884</color><color>#acc4ce</color><color>#9eb9b3</color></comb><comb><color>#00787a</color><color>#94ebd8</color><color>#00b349</color><color>#007939</color><color>#003d34</color></comb><comb><color>#ffc501</color><color>#f9ddfc</color><color>#e38ed8</color><color>#da2b90</color><color>#44052c</color></comb><comb><color>#2d4a05</color><color>#738830</color><color>#fd742d</color><color>#dc0f0f</color><color>#5e0000</color></comb><comb><color>#f8f9fd</color><color>#00939c</color><color>#df8f46</color><color>#e2ceb3</color><color>#ff798a</color></comb><comb><color>#2d0000</color><color>#cec2cd</color><color>#de91c5</color><color>#e854a5</color><color>#8b0043</color></comb><comb><color>#f0bf30</color><color>#c568a2</color><color>#e1cdeb</color><color>#6d967d</color><color>#2b362a</color></comb><comb><color>#000001</color><color>#009ab0</color><color>#82efee</color><color>#cfbca6</color><color>#128a08</color></comb><comb><color>#00070a</color><color>#294552</color><color>#597884</color><color>#acc4ce</color><color>#9eb9b3</color></comb><comb><color>#00787a</color><color>#94ebd8</color><color>#00b349</color><color>#007939</color><color>#003d34</color></comb><comb><color>#ffc501</color><color>#f9ddfc</color><color>#e38ed8</color><color>#da2b90</color><color>#44052c</color></comb><comb><color>#2d4a05</color><color>#738830</color><color>#fd742d</color><color>#dc0f0f</color><color>#5e0000</color></comb><comb><color>#f8f9fd</color><color>#00939c</color><color>#df8f46</color><color>#e2ceb3</color><color>#ff798a</color></comb><comb><color>#2d0000</color><color>#cec2cd</color><color>#de91c5</color><color>#e854a5</color><color>#8b0043</color></comb><comb><color>#f0bf30</color><color>#c568a2</color><color>#e1cdeb</color><color>#6d967d</color><color>#2b362a</color></comb><comb><color>#000001</color><color>#009ab0</color><color>#82efee</color><color>#cfbca6</color><color>#128a08</color></comb><comb><color>#00070a</color><color>#294552</color><color>#597884</color><color>#acc4ce</color><color>#9eb9b3</color></comb><comb><color>#00787a</color><color>#94ebd8</color><color>#00b349</color><color>#007939</color><color>#003d34</color></comb><comb><color>#ffc501</color><color>#f9ddfc</color><color>#e38ed8</color><color>#da2b90</color><color>#44052c</color></comb><comb><color>#2d4a05</color><color>#738830</color><color>#fd742d</color><color>#dc0f0f</color><color>#5e0000</color></comb><comb><color>#f8f9fd</color><color>#00939c</color><color>#df8f46</color><color>#e2ceb3</color><color>#ff798a</color></comb><comb><color>#2d0000</color><color>#cec2cd</color><color>#de91c5</color><color>#e854a5</color><color>#8b0043</color></comb><comb><color>#f0bf30</color><color>#c568a2</color><color>#e1cdeb</color><color>#6d967d</color><color>#2b362a</color></comb><comb><color>#000001</color><color>#009ab0</color><color>#82efee</color><color>#cfbca6</color><color>#128a08</color></comb><comb><color>#00070a</color><color>#294552</color><color>#597884</color><color>#acc4ce</color><color>#9eb9b3</color></comb><comb><color>#00787a</color><color>#94ebd8</color><color>#00b349</color><color>#007939</color><color>#003d34</color></comb><comb><color>#ffc501</color><color>#f9ddfc</color><color>#e38ed8</color><color>#da2b90</color><color>#44052c</color></comb><comb><color>#2d4a05</color><color>#738830</color><color>#fd742d</color><color>#dc0f0f</color><color>#5e0000</color></comb><comb><color>#f8f9fd</color><color>#00939c</color><color>#df8f46</color><color>#e2ceb3</color><color>#ff798a</color></comb><comb><color>#2d0000</color><color>#cec2cd</color><color>#de91c5</color><color>#e854a5</color><color>#8b0043</color></comb><comb><color>#f0bf30</color><color>#c568a2</color><color>#e1cdeb</color><color>#6d967d</color><color>#2b362a</color></comb><comb><color>#000001</color><color>#009ab0</color><color>#82efee</color><color>#cfbca6</color><color>#128a08</color></comb><comb><color>#00070a</color><color>#294552</color><color>#597884</color><color>#acc4ce</color><color>#9eb9b3</color></comb><comb><color>#00787a</color><color>#94ebd8</color><color>#00b349</color><color>#007939</color><color>#003d34</color></comb><comb><color>#ffc501</color><color>#f9ddfc</color><color>#e38ed8</color><color>#da2b90</color><color>#44052c</color></comb><comb><color>#2d4a05</color><color>#738830</color><color>#fd742d</color><color>#dc0f0f</color><color>#5e0000</color></comb><comb><color>#f8f9fd</color><color>#00939c</color><color>#df8f46</color><color>#e2ceb3</color><color>#ff798a</color></comb><comb><color>#2d0000</color><color>#cec2cd</color><color>#de91c5</color><color>#e854a5</color><color>#8b0043</color></comb><comb><color>#f0bf30</color><color>#c568a2</color><color>#e1cdeb</color><color>#6d967d</color><color>#2b362a</color></comb><comb><color>#000001</color><color>#009ab0</color><color>#82efee</color><color>#cfbca6</color><color>#128a08</color></comb><comb><color>#00070a</color><color>#294552</color><color>#597884</color><color>#acc4ce</color><color>#9eb9b3</color></comb><comb><color>#00787a</color><color>#94ebd8</color><color>#00b349</color><color>#007939</color><color>#003d34</color></comb><comb><color>#ffc501</color><color>#f9ddfc</color><color>#e38ed8</color><color>#da2b90</color><color>#44052c</color></comb><comb><color>#2d4a05</color><color>#738830</color><color>#fd742d</color><color>#dc0f0f</color><color>#5e0000</color></comb><comb><color>#f8f9fd</color><color>#00939c</color><color>#df8f46</color><color>#e2ceb3</color><color>#ff798a</color></comb><comb><color>#2d0000</color><color>#cec2cd</color><color>#de91c5</color><color>#e854a5</color><color>#8b0043</color></comb><comb><color>#f0bf30</color><color>#c568a2</color><color>#e1cdeb</color><color>#6d967d</color><color>#2b362a</color></comb><comb><color>#000001</color><color>#009ab0</color><color>#82efee</color><color>#cfbca6</color><color>#128a08</color></comb><comb><color>#00070a</color><color>#294552</color><color>#597884</color><color>#acc4ce</color><color>#9eb9b3</color></comb><comb><color>#00787a</color><color>#94ebd8</color><color>#00b349</color><color>#007939</color><color>#003d34</color></comb><comb><color>#ffc501</color><color>#f9ddfc</color><color>#e38ed8</color><color>#da2b90</color><color>#44052c</color></comb><comb><color>#2d4a05</color><color>#738830</color><color>#fd742d</color><color>#dc0f0f</color><color>#5e0000</color></comb><comb><color>#f8f9fd</color><color>#00939c</color><color>#df8f46</color><color>#e2ceb3</color><color>#ff798a</color></comb><comb><color>#2d0000</color><color>#cec2cd</color><color>#de91c5</color><color>#e854a5</color><color>#8b0043</color></comb><comb><color>#f0bf30</color><color>#c568a2</color><color>#e1cdeb</color><color>#6d967d</color><color>#2b362a</color></comb><comb><color>#000001</color><color>#009ab0</color><color>#82efee</color><color>#cfbca6</color><color>#128a08</color></comb><comb><color>#00070a</color><color>#294552</color><color>#597884</color><color>#acc4ce</color><color>#9eb9b3</color></comb><comb><color>#00787a</color><color>#94ebd8</color><color>#00b349</color><color>#007939</color><color>#003d34</color></comb><comb><color>#ffc501</color><color>#f9ddfc</color><color>#e38ed8</color><color>#da2b90</color><color>#44052c</color></comb><comb><color>#2d4a05</color><color>#738830</color><color>#fd742d</color><color>#dc0f0f</color><color>#5e0000</color></comb><comb><color>#f8f9fd</color><color>#00939c</color><color>#df8f46</color><color>#e2ceb3</color><color>#ff798a</color></comb><comb><color>#2d0000</color><color>#cec2cd</color><color>#de91c5</color><color>#e854a5</color><color>#8b0043</color></comb><comb><color>#f0bf30</color><color>#c568a2</color><color>#e1cdeb</color><color>#6d967d</color><color>#2b362a</color></comb><comb><color>#000001</color><color>#009ab0</color><color>#82efee</color><color>#cfbca6</color><color>#128a08</color></comb><comb><color>#00070a</color><color>#294552</color><color>#597884</color><color>#acc4ce</color><color>#9eb9b3</color></comb><comb><color>#00787a</color><color>#94ebd8</color><color>#00b349</color><color>#007939</color><color>#003d34</color></comb><comb><color>#ffc501</color><color>#f9ddfc</color><color>#e38ed8</color><color>#da2b90</color><color>#44052c</color></comb><comb><color>#2d4a05</color><color>#738830</color><color>#fd742d</color><color>#dc0f0f</color><color>#5e0000</color></comb><comb><color>#f8f9fd</color><color>#00939c</color><color>#df8f46</color><color>#e2ceb3</color><color>#ff798a</color></comb><comb><color>#2d0000</color><color>#cec2cd</color><color>#de91c5</color><color>#e854a5</color><color>#8b0043</color></comb><comb><color>#f0bf30</color><color>#c568a2</color><color>#e1cdeb</color><color>#6d967d</color><color>#2b362a</color></comb><comb><color>#000001</color><color>#009ab0</color><color>#82efee</color><color>#cfbca6</color><color>#128a08</color></comb><comb><color>#00070a</color><color>#294552</color><color>#597884</color><color>#acc4ce</color><color>#9eb9b3</color></comb><comb><color>#00787a</color><color>#94ebd8</color><color>#00b349</color><color>#007939</color><color>#003d34</color></comb><comb><color>#ffc501</color><color>#f9ddfc</color><color>#e38ed8</color><color>#da2b90</color><color>#44052c</color></comb><comb><color>#2d4a05</color><color>#738830</color><color>#fd742d</color><color>#dc0f0f</color><color>#5e0000</color></comb><comb><color>#f8f9fd</color><color>#00939c</color><color>#df8f46</color><color>#e2ceb3</color><color>#ff798a</color></comb><comb><color>#2d0000</color><color>#cec2cd</color><color>#de91c5</color><color>#e854a5</color><color>#8b0043</color></comb><comb><color>#f0bf30</color><color>#c568a2</color><color>#e1cdeb</color><color>#6d967d</color><color>#2b362a</color></comb><comb><color>#000001</color><color>#009ab0</color><color>#82efee</color><color>#cfbca6</color><color>#128a08</color></comb><comb><color>#00070a</color><color>#294552</color><color>#597884</color><color>#acc4ce</color><color>#9eb9b3</color></comb><comb><color>#00787a</color><color>#94ebd8</color><color>#00b349</color><color>#007939</color><color>#003d34</color></comb><comb><color>#ffc501</color><color>#f9ddfc</color><color>#e38ed8</color><color>#da2b90</color><color>#44052c</color></comb><comb><color>#2d4a05</color><color>#738830</color><color>#fd742d</color><color>#dc0f0f</color><color>#5e0000</color></comb><comb><color>#f8f9fd</color><color>#00939c</color><color>#df8f46</color><color>#e2ceb3</color><color>#ff798a</color></comb><comb><color>#2d0000</color><color>#cec2cd</color><color>#de91c5</color><color>#e854a5</color><color>#8b0043</color></comb><comb><color>#f0bf30</color><color>#c568a2</color><color>#e1cdeb</color><color>#6d967d</color><color>#2b362a</color></comb><comb><color>#000001</color><color>#009ab0</color><color>#82efee</color><color>#cfbca6</color><color>#128a08</color></comb><comb><color>#00070a</color><color>#294552</color><color>#597884</color><color>#acc4ce</color><color>#9eb9b3</color></comb><comb><color>#00787a</color><color>#94ebd8</color><color>#00b349</color><color>#007939</color><color>#003d34</color></comb><comb><color>#ffc501</color><color>#f9ddfc</color><color>#e38ed8</color><color>#da2b90</color><color>#44052c</color></comb><comb><color>#2d4a05</color><color>#738830</color><color>#fd742d</color><color>#dc0f0f</color><color>#5e0000</color></comb><comb><color>#f8f9fd</color><color>#00939c</color><color>#df8f46</color><color>#e2ceb3</color><color>#ff798a</color></comb><comb><color>#2d0000</color><color>#cec2cd</color><color>#de91c5</color><color>#e854a5</color><color>#8b0043</color></comb><comb><color>#f0bf30</color><color>#c568a2</color><color>#e1cdeb</color><color>#6d967d</color><color>#2b362a</color></comb><comb><color>#000001</color><color>#009ab0</color><color>#82efee</color><color>#cfbca6</color><color>#128a08</color></comb><comb><color>#00070a</color><color>#294552</color><color>#597884</color><color>#acc4ce</color><color>#9eb9b3</color></comb><comb><color>#00787a</color><color>#94ebd8</color><color>#00b349</color><color>#007939</color><color>#003d34</color></comb><comb><color>#ffc501</color><color>#f9ddfc</color><color>#e38ed8</color><color>#da2b90</color><color>#44052c</color></comb><comb><color>#2d4a05</color><color>#738830</color><color>#fd742d</color><color>#dc0f0f</color><color>#5e0000</color></comb><comb><color>#f8f9fd</color><color>#00939c</color><color>#df8f46</color><color>#e2ceb3</color><color>#ff798a</color></comb><comb><color>#2d0000</color><color>#cec2cd</color><color>#de91c5</color><color>#e854a5</color><color>#8b0043</color></comb><comb><color>#f0bf30</color><color>#c568a2</color><color>#e1cdeb</color><color>#6d967d</color><color>#2b362a</color></comb><comb><color>#000001</color><color>#009ab0</color><color>#82efee</color><color>#cfbca6</color><color>#128a08</color></comb><comb><color>#00070a</color><color>#294552</color><color>#597884</color><color>#acc4ce</color><color>#9eb9b3</color></comb><comb><color>#00787a</color><color>#94ebd8</color><color>#00b349</color><color>#007939</color><color>#003d34</color></comb><comb><color>#ffc501</color><color>#f9ddfc</color><color>#e38ed8</color><color>#da2b90</color><color>#44052c</color></comb><comb><color>#2d4a05</color><color>#738830</color><color>#fd742d</color><color>#dc0f0f</color><color>#5e0000</color></comb><comb><color>#f8f9fd</color><color>#00939c</color><color>#df8f46</color><color>#e2ceb3</color><color>#ff798a</color></comb><comb><color>#2d0000</color><color>#cec2cd</color><color>#de91c5</color><color>#e854a5</color><color>#8b0043</color></comb><comb><color>#f0bf30</color><color>#c568a2</color><color>#e1cdeb</color><color>#6d967d</color><color>#2b362a</color></comb><comb><color>#000001</color><color>#009ab0</color><color>#82efee</color><color>#cfbca6</color><color>#128a08</color></comb><comb><color>#00070a</color><color>#294552</color><color>#597884</color><color>#acc4ce</color><color>#9eb9b3</color></comb><comb><color>#00787a</color><color>#94ebd8</color><color>#00b349</color><color>#007939</color><color>#003d34</color></comb><comb><color>#ffc501</color><color>#f9ddfc</color><color>#e38ed8</color><color>#da2b90</color><color>#44052c</color></comb><comb><color>#2d4a05</color><color>#738830</color><color>#fd742d</color><color>#dc0f0f</color><color>#5e0000</color></comb><comb><color>#f8f9fd</color><color>#00939c</color><color>#df8f46</color><color>#e2ceb3</color><color>#ff798a</color></comb><comb><color>#2d0000</color><color>#cec2cd</color><color>#de91c5</color><color>#e854a5</color><color>#8b0043</color></comb><comb><color>#f0bf30</color><color>#c568a2</color><color>#e1cdeb</color><color>#6d967d</color><color>#2b362a</color></comb><comb><color>#000001</color><color>#009ab0</color><color>#82efee</color><color>#cfbca6</color><color>#128a08</color></comb><comb><color>#00070a</color><color>#294552</color><color>#597884</color><color>#acc4ce</color><color>#9eb9b3</color></comb><comb><color>#00787a</color><color>#94ebd8</color><color>#00b349</color><color>#007939</color><color>#003d34</color></comb><comb><color>#ffc501</color><color>#f9ddfc</color><color>#e38ed8</color><color>#da2b90</color><color>#44052c</color></comb><comb><color>#2d4a05</color><color>#738830</color><color>#fd742d</color><color>#dc0f0f</color><color>#5e0000</color></comb><comb><color>#f8f9fd</color><color>#00939c</color><color>#df8f46</color><color>#e2ceb3</color><color>#ff798a</color></comb><comb><color>#2d0000</color><color>#cec2cd</color><color>#de91c5</color><color>#e854a5</color><color>#8b0043</color></comb><comb><color>#f0bf30</color><color>#c568a2</color><color>#e1cdeb</color><color>#6d967d</color><color>#2b362a</color></comb><comb><color>#000001</color><color>#009ab0</color><color>#82efee</color><color>#cfbca6</color><color>#128a08</color></comb><comb><color>#00070a</color><color>#294552</color><color>#597884</color><color>#acc4ce</color><color>#9eb9b3</color></comb><comb><color>#00787a</color><color>#94ebd8</color><color>#00b349</color><color>#007939</color><color>#003d34</color></comb><comb><color>#ffc501</color><color>#f9ddfc</color><color>#e38ed8</color><color>#da2b90</color><color>#44052c</color></comb><comb><color>#2d4a05</color><color>#738830</color><color>#fd742d</color><color>#dc0f0f</color><color>#5e0000</color></comb><comb><color>#f8f9fd</color><color>#00939c</color><color>#df8f46</color><color>#e2ceb3</color><color>#ff798a</color></comb><comb><color>#2d0000</color><color>#cec2cd</color><color>#de91c5</color><color>#e854a5</color><color>#8b0043</color></comb><comb><color>#f0bf30</color><color>#c568a2</color><color>#e1cdeb</color><color>#6d967d</color><color>#2b362a</color></comb><comb><color>#000001</color><color>#009ab0</color><color>#82efee</color><color>#cfbca6</color><color>#128a08</color></comb><comb><color>#00070a</color><color>#294552</color><color>#597884</color><color>#acc4ce</color><color>#9eb9b3</color></comb><comb><color>#00787a</color><color>#94ebd8</color><color>#00b349</color><color>#007939</color><color>#003d34</color></comb><comb><color>#ffc501</color><color>#f9ddfc</color><color>#e38ed8</color><color>#da2b90</color><color>#44052c</color></comb><comb><color>#2d4a05</color><color>#738830</color><color>#fd742d</color><color>#dc0f0f</color><color>#5e0000</color></comb><comb><color>#f8f9fd</color><color>#00939c</color><color>#df8f46</color><color>#e2ceb3</color><color>#ff798a</color></comb><comb><color>#2d0000</color><color>#cec2cd</color><color>#de91c5</color><color>#e854a5</color><color>#8b0043</color></comb><comb><color>#f0bf30</color><color>#c568a2</color><color>#e1cdeb</color><color>#6d967d</color><color>#2b362a</color></comb><comb><color>#000001</color><color>#009ab0</color><color>#82efee</color><color>#cfbca6</color><color>#128a08</color></comb><comb><color>#00070a</color><color>#294552</color><color>#597884</color><color>#acc4ce</color><color>#9eb9b3</color></comb><comb><color>#00787a</color><color>#94ebd8</color><color>#00b349</color><color>#007939</color><color>#003d34</color></comb><comb><color>#ffc501</color><color>#f9ddfc</color><color>#e38ed8</color><color>#da2b90</color><color>#44052c</color></comb><comb><color>#2d4a05</color><color>#738830</color><color>#fd742d</color><color>#dc0f0f</color><color>#5e0000</color></comb><comb><color>#f8f9fd</color><color>#00939c</color><color>#df8f46</color><color>#e2ceb3</color><color>#ff798a</color></comb><comb><color>#2d0000</color><color>#cec2cd</color><color>#de91c5</color><color>#e854a5</color><color>#8b0043</color></comb><comb><color>#f0bf30</color><color>#c568a2</color><color>#e1cdeb</color><color>#6d967d</color><color>#2b362a</color></comb><comb><color>#000001</color><color>#009ab0</color><color>#82efee</color><color>#cfbca6</color><color>#128a08</color></comb><comb><color>#00070a</color><color>#294552</color><color>#597884</color><color>#acc4ce</color><color>#9eb9b3</color></comb><comb><color>#00787a</color><color>#94ebd8</color><color>#00b349</color><color>#007939</color><color>#003d34</color></comb><comb><color>#ffc501</color><color>#f9ddfc</color><color>#e38ed8</color><color>#da2b90</color><color>#44052c</color></comb><comb><color>#2d4a05</color><color>#738830</color><color>#fd742d</color><color>#dc0f0f</color><color>#5e0000</color></comb><comb><color>#f8f9fd</color><color>#00939c</color><color>#df8f46</color><color>#e2ceb3</color><color>#ff798a</color></comb><comb><color>#2d0000</color><color>#cec2cd</color><color>#de91c5</color><color>#e854a5</color><color>#8b0043</color></comb><comb><color>#f0bf30</color><color>#c568a2</color><color>#e1cdeb</color><color>#6d967d</color><color>#2b362a</color></comb><comb><color>#000001</color><color>#009ab0</color><color>#82efee</color><color>#cfbca6</color><color>#128a08</color></comb><comb><color>#00070a</color><color>#294552</color><color>#597884</color><color>#acc4ce</color><color>#9eb9b3</color></comb><comb><color>#00787a</color><color>#94ebd8</color><color>#00b349</color><color>#007939</color><color>#003d34</color></comb><comb><color>#ffc501</color><color>#f9ddfc</color><color>#e38ed8</color><color>#da2b90</color><color>#44052c</color></comb><comb><color>#2d4a05</color><color>#738830</color><color>#fd742d</color><color>#dc0f0f</color><color>#5e0000</color></comb><comb><color>#f8f9fd</color><color>#00939c</color><color>#df8f46</color><color>#e2ceb3</color><color>#ff798a</color></comb><comb><color>#2d0000</color><color>#cec2cd</color><color>#de91c5</color><color>#e854a5</color><color>#8b0043</color></comb><comb><color>#f0bf30</color><color>#c568a2</color><color>#e1cdeb</color><color>#6d967d</color><color>#2b362a</color></comb><comb><color>#000001</color><color>#009ab0</color><color>#82efee</color><color>#cfbca6</color><color>#128a08</color></comb><comb><color>#00070a</color><color>#294552</color><color>#597884</color><color>#acc4ce</color><color>#9eb9b3</color></comb><comb><color>#00787a</color><color>#94ebd8</color><color>#00b349</color><color>#007939</color><color>#003d34</color></comb><comb><color>#ffc501</color><color>#f9ddfc</color><color>#e38ed8</color><color>#da2b90</color><color>#44052c</color></comb><comb><color>#2d4a05</color><color>#738830</color><color>#fd742d</color><color>#dc0f0f</color><color>#5e0000</color></comb><comb><color>#f8f9fd</color><color>#00939c</color><color>#df8f46</color><color>#e2ceb3</color><color>#ff798a</color></comb><comb><color>#2d0000</color><color>#cec2cd</color><color>#de91c5</color><color>#e854a5</color><color>#8b0043</color></comb><comb><color>#f0bf30</color><color>#c568a2</color><color>#e1cdeb</color><color>#6d967d</color><color>#2b362a</color></comb><comb><color>#000001</color><color>#009ab0</color><color>#82efee</color><color>#cfbca6</color><color>#128a08</color></comb><comb><color>#00070a</color><color>#294552</color><color>#597884</color><color>#acc4ce</color><color>#9eb9b3</color></comb><comb><color>#00787a</color><color>#94ebd8</color><color>#00b349</color><color>#007939</color><color>#003d34</color></comb><comb><color>#ffc501</color><color>#f9ddfc</color><color>#e38ed8</color><color>#da2b90</color><color>#44052c</color></comb><comb><color>#2d4a05</color><color>#738830</color><color>#fd742d</color><color>#dc0f0f</color><color>#5e0000</color></comb><comb><color>#f8f9fd</color><color>#00939c</color><color>#df8f46</color><color>#e2ceb3</color><color>#ff798a</color></comb><comb><color>#2d0000</color><color>#cec2cd</color><color>#de91c5</color><color>#e854a5</color><color>#8b0043</color></comb><comb><color>#f0bf30</color><color>#c568a2</color><color>#e1cdeb</color><color>#6d967d</color><color>#2b362a</color></comb><comb><color>#000001</color><color>#009ab0</color><color>#82efee</color><color>#cfbca6</color><color>#128a08</color></comb><comb><color>#00070a</color><color>#294552</color><color>#597884</color><color>#acc4ce</color><color>#9eb9b3</color></comb><comb><color>#00787a</color><color>#94ebd8</color><color>#00b349</color><color>#007939</color><color>#003d34</color></comb><comb><color>#ffc501</color><color>#f9ddfc</color><color>#e38ed8</color><color>#da2b90</color><color>#44052c</color></comb><comb><color>#2d4a05</color><color>#738830</color><color>#fd742d</color><color>#dc0f0f</color><color>#5e0000</color></comb><comb><color>#f8f9fd</color><color>#00939c</color><color>#df8f46</color><color>#e2ceb3</color><color>#ff798a</color></comb><comb><color>#2d0000</color><color>#cec2cd</color><color>#de91c5</color><color>#e854a5</color><color>#8b0043</color></comb><comb><color>#f0bf30</color><color>#c568a2</color><color>#e1cdeb</color><color>#6d967d</color><color>#2b362a</color></comb><comb><color>#000001</color><color>#009ab0</color><color>#82efee</color><color>#cfbca6</color><color>#128a08</color></comb><comb><color>#00070a</color><color>#294552</color><color>#597884</color><color>#acc4ce</color><color>#9eb9b3</color></comb><comb><color>#00787a</color><color>#94ebd8</color><color>#00b349</color><color>#007939</color><color>#003d34</color></comb><comb><color>#ffc501</color><color>#f9ddfc</color><color>#e38ed8</color><color>#da2b90</color><color>#44052c</color></comb><comb><color>#2d4a05</color><color>#738830</color><color>#fd742d</color><color>#dc0f0f</color><color>#5e0000</color></comb><comb><color>#f8f9fd</color><color>#00939c</color><color>#df8f46</color><color>#e2ceb3</color><color>#ff798a</color></comb><comb><color>#2d0000</color><color>#cec2cd</color><color>#de91c5</color><color>#e854a5</color><color>#8b0043</color></comb><comb><color>#f0bf30</color><color>#c568a2</color><color>#e1cdeb</color><color>#6d967d</color><color>#2b362a</color></comb><comb><color>#000001</color><color>#009ab0</color><color>#82efee</color><color>#cfbca6</color><color>#128a08</color></comb><comb><color>#00070a</color><color>#294552</color><color>#597884</color><color>#acc4ce</color><color>#9eb9b3</color></comb><comb><color>#00787a</color><color>#94ebd8</color><color>#00b349</color><color>#007939</color><color>#003d34</color></comb><comb><color>#ffc501</color><color>#f9ddfc</color><color>#e38ed8</color><color>#da2b90</color><color>#44052c</color></comb><comb><color>#2d4a05</color><color>#738830</color><color>#fd742d</color><color>#dc0f0f</color><color>#5e0000</color></comb><comb><color>#f8f9fd</color><color>#00939c</color><color>#df8f46</color><color>#e2ceb3</color><color>#ff798a</color></comb><comb><color>#2d0000</color><color>#cec2cd</color><color>#de91c5</color><color>#e854a5</color><color>#8b0043</color></comb><comb><color>#f0bf30</color><color>#c568a2</color><color>#e1cdeb</color><color>#6d967d</color><color>#2b362a</color></comb><comb><color>#000001</color><color>#009ab0</color><color>#82efee</color><color>#cfbca6</color><color>#128a08</color></comb><comb><color>#00070a</color><color>#294552</color><color>#597884</color><color>#acc4ce</color><color>#9eb9b3</color></comb><comb><color>#00787a</color><color>#94ebd8</color><color>#00b349</color><color>#007939</color><color>#003d34</color></comb><comb><color>#ffc501</color><color>#f9ddfc</color><color>#e38ed8</color><color>#da2b90</color><color>#44052c</color></comb><comb><color>#2d4a05</color><color>#738830</color><color>#fd742d</color><color>#dc0f0f</color><color>#5e0000</color></comb><comb><color>#f8f9fd</color><color>#00939c</color><color>#df8f46</color><color>#e2ceb3</color><color>#ff798a</color></comb><comb><color>#2d0000</color><color>#cec2cd</color><color>#de91c5</color><color>#e854a5</color><color>#8b0043</color></comb><comb><color>#f0bf30</color><color>#c568a2</color><color>#e1cdeb</color><color>#6d967d</color><color>#2b362a</color></comb><comb><color>#000001</color><color>#009ab0</color><color>#82efee</color><color>#cfbca6</color><color>#128a08</color></comb><comb><color>#00070a</color><color>#294552</color><color>#597884</color><color>#acc4ce</color><color>#9eb9b3</color></comb><comb><color>#00787a</color><color>#94ebd8</color><color>#00b349</color><color>#007939</color><color>#003d34</color></comb><comb><color>#ffc501</color><color>#f9ddfc</color><color>#e38ed8</color><color>#da2b90</color><color>#44052c</color></comb><comb><color>#2d4a05</color><color>#738830</color><color>#fd742d</color><color>#dc0f0f</color><color>#5e0000</color></comb><comb><color>#f8f9fd</color><color>#00939c</color><color>#df8f46</color><color>#e2ceb3</color><color>#ff798a</color></comb><comb><color>#2d0000</color><color>#cec2cd</color><color>#de91c5</color><color>#e854a5</color><color>#8b0043</color></comb><comb><color>#f0bf30</color><color>#c568a2</color><color>#e1cdeb</color><color>#6d967d</color><color>#2b362a</color></comb><comb><color>#000001</color><color>#009ab0</color><color>#82efee</color><color>#cfbca6</color><color>#128a08</color></comb><comb><color>#00070a</color><color>#294552</color><color>#597884</color><color>#acc4ce</color><color>#9eb9b3</color></comb><comb><color>#00787a</color><color>#94ebd8</color><color>#00b349</color><color>#007939</color><color>#003d34</color></comb><comb><color>#ffc501</color><color>#f9ddfc</color><color>#e38ed8</color><color>#da2b90</color><color>#44052c</color></comb><comb><color>#2d4a05</color><color>#738830</color><color>#fd742d</color><color>#dc0f0f</color><color>#5e0000</color></comb><comb><color>#f8f9fd</color><color>#00939c</color><color>#df8f46</color><color>#e2ceb3</color><color>#ff798a</color></comb><comb><color>#2d0000</color><color>#cec2cd</color><color>#de91c5</color><color>#e854a5</color><color>#8b0043</color></comb><comb><color>#f0bf30</color><color>#c568a2</color><color>#e1cdeb</color><color>#6d967d</color><color>#2b362a</color></comb><comb><color>#000001</color><color>#009ab0</color><color>#82efee</color><color>#cfbca6</color><color>#128a08</color></comb><comb><color>#00070a</color><color>#294552</color><color>#597884</color><color>#acc4ce</color><color>#9eb9b3</color></comb><comb><color>#00787a</color><color>#94ebd8</color><color>#00b349</color><color>#007939</color><color>#003d34</color></comb><comb><color>#ffc501</color><color>#f9ddfc</color><color>#e38ed8</color><color>#da2b90</color><color>#44052c</color></comb><comb><color>#2d4a05</color><color>#738830</color><color>#fd742d</color><color>#dc0f0f</color><color>#5e0000</color></comb><comb><color>#f8f9fd</color><color>#00939c</color><color>#df8f46</color><color>#e2ceb3</color><color>#ff798a</color></comb><comb><color>#2d0000</color><color>#cec2cd</color><color>#de91c5</color><color>#e854a5</color><color>#8b0043</color></comb><comb><color>#f0bf30</color><color>#c568a2</color><color>#e1cdeb</color><color>#6d967d</color><color>#2b362a</color></comb><comb><color>#000001</color><color>#009ab0</color><color>#82efee</color><color>#cfbca6</color><color>#128a08</color></comb><comb><color>#00070a</color><color>#294552</color><color>#597884</color><color>#acc4ce</color><color>#9eb9b3</color></comb><comb><color>#00787a</color><color>#94ebd8</color><color>#00b349</color><color>#007939</color><color>#003d34</color></comb><comb><color>#ffc501</color><color>#f9ddfc</color><color>#e38ed8</color><color>#da2b90</color><color>#44052c</color></comb><comb><color>#2d4a05</color><color>#738830</color><color>#fd742d</color><color>#dc0f0f</color><color>#5e0000</color></comb><comb><color>#f8f9fd</color><color>#00939c</color><color>#df8f46</color><color>#e2ceb3</color><color>#ff798a</color></comb><comb><color>#2d0000</color><color>#cec2cd</color><color>#de91c5</color><color>#e854a5</color><color>#8b0043</color></comb><comb><color>#f0bf30</color><color>#c568a2</color><color>#e1cdeb</color><color>#6d967d</color><color>#2b362a</color></comb><comb><color>#000001</color><color>#009ab0</color><color>#82efee</color><color>#cfbca6</color><color>#128a08</color></comb><comb><color>#00070a</color><color>#294552</color><color>#597884</color><color>#acc4ce</color><color>#9eb9b3</color></comb><comb><color>#00787a</color><color>#94ebd8</color><color>#00b349</color><color>#007939</color><color>#003d34</color></comb><comb><color>#ffc501</color><color>#f9ddfc</color><color>#e38ed8</color><color>#da2b90</color><color>#44052c</color></comb><comb><color>#2d4a05</color><color>#738830</color><color>#fd742d</color><color>#dc0f0f</color><color>#5e0000</color></comb><comb><color>#f8f9fd</color><color>#00939c</color><color>#df8f46</color><color>#e2ceb3</color><color>#ff798a</color></comb><comb><color>#2d0000</color><color>#cec2cd</color><color>#de91c5</color><color>#e854a5</color><color>#8b0043</color></comb><comb><color>#f0bf30</color><color>#c568a2</color><color>#e1cdeb</color><color>#6d967d</color><color>#2b362a</color></comb><comb><color>#000001</color><color>#009ab0</color><color>#82efee</color><color>#cfbca6</color><color>#128a08</color></comb><comb><color>#00070a</color><color>#294552</color><color>#597884</color><color>#acc4ce</color><color>#9eb9b3</color></comb><comb><color>#00787a</color><color>#94ebd8</color><color>#00b349</color><color>#007939</color><color>#003d34</color></comb><comb><color>#ffc501</color><color>#f9ddfc</color><color>#e38ed8</color><color>#da2b90</color><color>#44052c</color></comb><comb><color>#2d4a05</color><color>#738830</color><color>#fd742d</color><color>#dc0f0f</color><color>#5e0000</color></comb><comb><color>#f8f9fd</color><color>#00939c</color><color>#df8f46</color><color>#e2ceb3</color><color>#ff798a</color></comb><comb><color>#2d0000</color><color>#cec2cd</color><color>#de91c5</color><color>#e854a5</color><color>#8b0043</color></comb><comb><color>#f0bf30</color><color>#c568a2</color><color>#e1cdeb</color><color>#6d967d</color><color>#2b362a</color></comb><comb><color>#000001</color><color>#009ab0</color><color>#82efee</color><color>#cfbca6</color><color>#128a08</color></comb><comb><color>#00070a</color><color>#294552</color><color>#597884</color><color>#acc4ce</color><color>#9eb9b3</color></comb><comb><color>#00787a</color><color>#94ebd8</color><color>#00b349</color><color>#007939</color><color>#003d34</color></comb><comb><color>#ffc501</color><color>#f9ddfc</color><color>#e38ed8</color><color>#da2b90</color><color>#44052c</color></comb><comb><color>#2d4a05</color><color>#738830</color><color>#fd742d</color><color>#dc0f0f</color><color>#5e0000</color></comb><comb><color>#f8f9fd</color><color>#00939c</color><color>#df8f46</color><color>#e2ceb3</color><color>#ff798a</color></comb><comb><color>#2d0000</color><color>#cec2cd</color><color>#de91c5</color><color>#e854a5</color><color>#8b0043</color></comb><comb><color>#f0bf30</color><color>#c568a2</color><color>#e1cdeb</color><color>#6d967d</color><color>#2b362a</color></comb><comb><color>#000001</color><color>#009ab0</color><color>#82efee</color><color>#cfbca6</color><color>#128a08</color></comb><comb><color>#00070a</color><color>#294552</color><color>#597884</color><color>#acc4ce</color><color>#9eb9b3</color></comb><comb><color>#00787a</color><color>#94ebd8</color><color>#00b349</color><color>#007939</color><color>#003d34</color></comb><comb><color>#ffc501</color><color>#f9ddfc</color><color>#e38ed8</color><color>#da2b90</color><color>#44052c</color></comb><comb><color>#2d4a05</color><color>#738830</color><color>#fd742d</color><color>#dc0f0f</color><color>#5e0000</color></comb><comb><color>#f8f9fd</color><color>#00939c</color><color>#df8f46</color><color>#e2ceb3</color><color>#ff798a</color></comb><comb><color>#2d0000</color><color>#cec2cd</color><color>#de91c5</color><color>#e854a5</color><color>#8b0043</color></comb><comb><color>#f0bf30</color><color>#c568a2</color><color>#e1cdeb</color><color>#6d967d</color><color>#2b362a</color></comb><comb><color>#000001</color><color>#009ab0</color><color>#82efee</color><color>#cfbca6</color><color>#128a08</color></comb><comb><color>#00070a</color><color>#294552</color><color>#597884</color><color>#acc4ce</color><color>#9eb9b3</color></comb><comb><color>#00787a</color><color>#94ebd8</color><color>#00b349</color><color>#007939</color><color>#003d34</color></comb><comb><color>#ffc501</color><color>#f9ddfc</color><color>#e38ed8</color><color>#da2b90</color><color>#44052c</color></comb><comb><color>#2d4a05</color><color>#738830</color><color>#fd742d</color><color>#dc0f0f</color><color>#5e0000</color></comb><comb><color>#f8f9fd</color><color>#00939c</color><color>#df8f46</color><color>#e2ceb3</color><color>#ff798a</color></comb><comb><color>#2d0000</color><color>#cec2cd</color><color>#de91c5</color><color>#e854a5</color><color>#8b0043</color></comb></root>